PLAYER_ID,PLAYER_NAME,TEAM_ABBREVIATION,GP,MIN,PTS,REB,AST,STL,BLK,TOV,FGM,FGA,FG3M,FG3A,FTM,FTA,FG_PCT,FG3_PCT,FT_PCT,DD2,TD3,PLUS_MINUS
1630639,A.J. Lawson,DAL,42,7.4,3.2,1.2,0.5,0.2,0.1,0.3,1.3,2.9,0.3,1.2,0.4,0.5,0.446,0.26,0.652,0,0,0.4
1631260,AJ Green,MIL,56,11.0,4.5,1.1,0.5,0.2,0.1,0.2,1.5,3.5,1.2,3.0,0.3,0.3,0.423,0.408,0.895,0,0,0.9
1631100,AJ Griffin,ATL,20,8.5,2.4,0.9,0.2,0.0,0.1,0.4,0.9,3.1,0.5,2.0,0.1,0.1,0.29,0.256,1.0,0,0,-2.6
203932,Aaron Gordon,DEN,73,31.5,13.9,6.5,3.5,0.8,0.6,1.4,5.5,9.8,0.5,1.9,2.4,3.7,0.556,0.29,0.658,12,0,5.8
1628988,Aaron Holiday,HOU,78,16.3,6.6,1.6,1.8,0.5,0.1,0.7,2.4,5.3,1.1,2.8,0.7,0.8,0.446,0.387,0.921,0,0,1.1
1630174,Aaron Nesmith,IND,72,27.7,12.2,3.8,1.5,0.9,0.7,0.9,4.4,8.8,1.9,4.6,1.5,1.9,0.496,0.419,0.781,1,0,2.2
1630598,Aaron Wiggins,OKC,78,15.7,6.9,2.4,1.1,0.7,0.2,0.7,2.7,4.8,0.8,1.6,0.7,0.9,0.562,0.492,0.789,0,0,1.2
1641745,Adam Flagler,OKC,2,7.0,1.5,0.0,2.0,0.0,0.0,0.0,0.5,3.5,0.5,3.0,0.0,0.0,0.143,0.167,0.0,0,0,0.0
1641766,Adama Sanogo,CHI,9,7.3,4.0,4.0,0.0,0.1,0.0,0.6,1.6,3.0,0.0,0.0,0.9,1.3,0.519,0.0,0.667,1,0,3.8
1629678,Admiral Schofield,ORL,23,3.7,1.1,0.7,0.3,0.0,0.0,0.2,0.4,1.1,0.3,0.7,0.0,0.1,0.385,0.375,0.0,0,0,-0.6
201143,Al Horford,BOS,65,26.8,8.6,6.4,2.6,0.6,1.0,0.7,3.3,6.4,1.7,4.0,0.4,0.5,0.511,0.419,0.867,3,0,6.5
202692,Alec Burks,NYK,66,18.4,10.4,2.3,1.3,0.4,0.2,0.7,3.2,8.6,1.9,5.0,2.2,2.5,0.369,0.376,0.868,0,0,-3.9
1630197,Aleksej Pokusevski,CHA,28,14.5,5.2,3.2,1.2,0.5,0.5,0.7,1.8,4.3,0.6,2.0,1.1,1.5,0.405,0.327,0.732,0,0,-2.6
1627936,Alex Caruso,CHI,71,28.7,10.1,3.8,3.5,1.7,1.0,1.4,3.6,7.6,1.9,4.7,1.0,1.4,0.468,0.408,0.76,1,0,0.1
1641788,Alex Fudge,DAL,6,6.7,2.5,0.8,0.0,0.5,0.0,0.3,1.0,2.5,0.2,0.8,0.3,0.3,0.4,0.2,1.0,0,0,-6.5
203458,Alex Len,SAC,48,9.3,2.5,2.7,1.0,0.2,0.7,0.6,1.0,1.7,0.0,0.1,0.4,0.7,0.617,0.0,0.588,0,0,3.0
1631214,Alondes Williams,MIA,7,2.2,0.7,0.1,0.0,0.0,0.1,0.3,0.3,1.1,0.0,0.6,0.1,0.1,0.25,0.0,1.0,0,0,-2.9
1630578,Alperen Sengun,HOU,63,32.5,21.1,9.3,5.0,1.2,0.7,2.6,8.4,15.6,0.5,1.8,3.9,5.6,0.537,0.297,0.693,29,2,0.8
1641735,Amari Bailey,CHA,10,6.5,2.3,0.9,0.7,0.3,0.0,0.4,0.8,2.4,0.1,0.8,0.6,0.7,0.333,0.125,0.857,0,0,0.5
1641708,Amen Thompson,HOU,62,22.4,9.5,6.6,2.6,1.3,0.6,1.5,3.9,7.2,0.1,0.9,1.7,2.5,0.536,0.138,0.684,13,1,0.7
1629599,Amir Coffey,LAC,70,20.9,6.6,2.1,1.1,0.6,0.2,0.5,2.4,5.0,1.0,2.6,0.9,1.0,0.472,0.38,0.859,1,0,-1.3
203083,Andre Drummond,CHI,79,17.1,8.4,9.0,0.5,0.9,0.6,1.0,3.4,6.1,0.0,0.0,1.6,2.8,0.556,0.0,0.592,18,0,0.3
1641748,Andre Jackson Jr.,MIL,57,10.0,2.2,2.0,0.9,0.3,0.1,0.5,0.9,1.8,0.3,0.8,0.1,0.2,0.5,0.37,0.727,1,0,-1.6
1641847,Andrew Funk,CHI,5,2.7,0.0,0.0,0.0,0.2,0.2,0.0,0.0,0.8,0.0,0.6,0.0,0.0,0.0,0.0,0.0,0,0,0.8
1629614,Andrew Nembhard,IND,68,25.0,9.2,2.1,4.1,0.9,0.1,1.5,3.8,7.7,0.9,2.5,0.7,0.8,0.498,0.357,0.804,1,0,1.0
203952,Andrew Wiggins,GSW,71,27.0,13.2,4.5,1.7,0.6,0.6,1.2,5.0,11.0,1.3,3.6,2.0,2.7,0.453,0.358,0.751,3,0,-0.8
1629014,Anfernee Simons,POR,46,34.4,22.6,3.6,5.5,0.5,0.1,2.7,7.8,18.2,3.4,8.8,3.5,3.9,0.43,0.385,0.916,3,0,-7.2
1641710,Anthony Black,ORL,69,16.9,4.6,2.0,1.3,0.5,0.3,0.8,1.7,3.6,0.5,1.4,0.7,1.2,0.466,0.394,0.613,0,0,-0.5
203076,Anthony Davis,LAL,76,35.5,24.7,12.6,3.5,1.2,2.3,2.1,9.4,16.9,0.4,1.4,5.5,6.8,0.556,0.271,0.816,64,2,2.0
1630162,Anthony Edwards,MIN,79,35.1,25.9,5.4,5.1,1.3,0.5,3.1,9.1,19.7,2.4,6.7,5.4,6.4,0.461,0.357,0.836,9,0,5.5
1630264,Anthony Gill,WAS,50,9.3,3.8,1.9,0.7,0.3,0.2,0.5,1.5,3.2,0.2,0.8,0.6,0.7,0.469,0.244,0.806,0,0,0.1
1629717,Armoni Brooks,BKN,10,10.4,4.2,1.8,0.5,0.1,0.1,0.3,1.5,4.6,1.1,3.2,0.1,0.2,0.326,0.344,0.5,0,0,2.8
1630204,Ashton Hagans,POR,19,16.6,4.2,2.4,2.8,0.6,0.5,1.6,1.5,3.7,0.4,1.3,0.7,0.9,0.408,0.32,0.824,0,0,-0.2
1641709,Ausar Thompson,DET,63,25.1,8.8,6.4,1.9,1.1,0.9,1.3,3.7,7.6,0.3,1.8,1.1,1.9,0.483,0.186,0.597,2,0,-3.7
1630559,Austin Reaves,LAL,82,32.1,15.9,4.3,5.5,0.8,0.3,2.1,5.6,11.5,1.9,5.1,2.8,3.3,0.486,0.367,0.853,9,1,-0.5
1630245,Ayo Dosunmu,CHI,76,29.1,12.2,2.8,3.2,0.9,0.5,1.4,4.7,9.5,1.6,3.9,1.1,1.4,0.501,0.403,0.81,1,0,-2.1
1628389,Bam Adebayo,MIA,71,34.0,19.3,10.4,3.9,1.1,0.9,2.3,7.5,14.3,0.2,0.6,4.1,5.5,0.521,0.357,0.755,42,2,0.7
1641767,Ben Sheppard,IND,57,14.3,4.4,1.6,0.9,0.6,0.0,0.3,1.6,4.0,0.9,2.7,0.4,0.5,0.393,0.314,0.885,0,0,1.2
1627732,Ben Simmons,BKN,15,23.9,6.1,7.9,5.7,0.8,0.6,1.8,2.9,4.9,0.0,0.0,0.4,1.0,0.581,0.0,0.4,3,0,-2.5
1631097,Bennedict Mathurin,IND,59,26.1,14.5,4.0,2.0,0.6,0.2,1.6,5.0,11.2,1.4,3.6,3.1,3.8,0.446,0.374,0.821,3,0,-1.6
1641731,Bilal Coulibaly,WAS,63,27.2,8.4,4.1,1.7,0.9,0.8,1.4,3.0,6.9,1.0,2.9,1.5,2.1,0.435,0.346,0.702,1,0,-6.7
202687,Bismack Biyombo,OKC,40,19.8,4.4,5.2,1.3,0.3,0.9,1.0,1.8,3.3,0.0,0.0,0.6,1.4,0.565,0.0,0.481,2,0,-1.6
1631104,Blake Wesley,SAS,61,14.4,4.4,1.5,2.7,0.5,0.1,0.9,1.7,3.5,0.2,0.9,0.9,1.3,0.474,0.218,0.667,0,0,-2.4
1626246,Boban Marjanović,HOU,14,5.1,3.2,2.3,0.4,0.1,0.1,0.4,1.3,2.4,0.0,0.1,0.6,1.0,0.529,0.0,0.643,0,0,-1.4
1626171,Bobby Portis,MIL,82,24.5,13.8,7.4,1.3,0.8,0.4,1.1,5.7,11.2,1.2,3.0,1.2,1.5,0.508,0.407,0.79,17,0,-0.1
203992,Bogdan Bogdanović,ATL,79,30.4,16.9,3.4,3.1,1.2,0.3,1.4,6.0,13.9,3.0,8.1,1.9,2.1,0.428,0.374,0.921,1,0,1.6
202711,Bojan Bogdanović,NYK,57,25.9,15.2,2.7,1.7,0.5,0.1,1.8,5.4,11.9,2.3,5.9,2.1,2.6,0.454,0.398,0.785,1,0,-6.1
1629626,Bol Bol,PHX,43,10.9,5.2,3.2,0.4,0.2,0.6,0.4,2.2,3.5,0.5,1.2,0.3,0.4,0.616,0.423,0.789,1,0,0.3
1630538,Bones Hyland,LAC,37,14.6,6.9,1.5,2.5,0.7,0.1,1.2,2.6,6.8,1.2,3.6,0.5,0.6,0.386,0.326,0.783,1,0,-1.8
203078,Bradley Beal,PHX,53,33.3,18.2,4.4,5.0,1.0,0.5,2.5,7.1,13.9,1.9,4.4,2.1,2.5,0.513,0.43,0.813,3,0,2.0
1641764,Brandin Podziemski,GSW,74,26.6,9.2,5.8,3.7,0.8,0.2,1.2,3.7,8.1,1.2,3.2,0.7,1.1,0.454,0.385,0.633,7,0,3.6
1630527,Brandon Boston Jr.,LAC,32,10.8,5.2,1.6,0.4,0.3,0.2,0.8,2.0,5.0,0.4,1.6,0.7,1.0,0.404,0.269,0.697,0,0,-3.5
1629634,Brandon Clarke,MEM,6,22.4,11.3,5.3,1.5,0.8,1.0,0.5,5.5,9.8,0.2,1.0,0.2,1.2,0.559,0.167,0.143,0,0,-1.3
1627742,Brandon Ingram,NOP,64,32.9,20.8,5.1,5.7,0.8,0.6,2.5,7.8,15.9,1.3,3.8,3.8,4.8,0.492,0.355,0.801,3,1,2.7
1641706,Brandon Miller,CHA,74,32.2,17.3,4.3,2.4,0.9,0.6,1.8,6.4,14.6,2.5,6.7,1.9,2.3,0.44,0.373,0.827,1,0,-6.9
1630314,Brandon Williams,DAL,17,6.6,3.2,0.8,1.0,0.1,0.1,0.4,1.2,3.2,0.2,0.9,0.6,1.0,0.37,0.2,0.647,0,0,-3.4
1630296,Braxton Key,DEN,20,3.0,1.1,0.9,0.4,0.1,0.0,0.0,0.4,0.8,0.1,0.2,0.3,0.4,0.412,0.4,0.75,0,0,-0.6
1641729,Brice Sensabaugh,UTA,32,18.3,7.5,3.2,1.7,0.4,0.2,1.5,2.7,6.8,1.1,3.6,1.2,1.3,0.39,0.296,0.902,1,0,-5.4
201572,Brook Lopez,MIL,79,30.5,12.5,5.2,1.6,0.5,2.4,1.0,4.6,9.6,1.9,5.1,1.4,1.7,0.485,0.366,0.821,5,0,3.5
1628971,Bruce Brown,TOR,67,27.8,10.8,4.2,2.9,0.9,0.3,1.3,4.1,8.7,0.8,2.4,1.7,2.1,0.478,0.323,0.824,2,0,-3.4
1628981,Bruno Fernando,ATL,45,15.2,6.3,4.3,1.0,0.6,0.6,1.0,2.4,4.2,0.0,0.1,1.4,2.1,0.583,0.0,0.667,0,0,-2.1
1631121,Bryce McGowens,CHA,59,14.9,5.1,1.7,0.9,0.4,0.2,0.5,1.7,3.9,0.6,1.7,1.1,1.4,0.439,0.333,0.776,0,0,-3.9
1631205,Buddy Boeheim,DET,10,8.4,3.4,1.0,0.3,0.0,0.1,0.0,0.9,2.9,0.8,2.5,0.8,1.0,0.31,0.32,0.8,0,0,2.1
1627741,Buddy Hield,PHI,84,25.7,12.1,3.2,2.8,0.8,0.5,1.2,4.4,10.1,2.6,6.8,0.6,0.7,0.436,0.386,0.881,1,0,0.8
203468,CJ McCollum,NOP,66,32.7,20.0,4.3,4.6,0.9,0.6,1.7,7.3,16.0,3.6,8.4,1.7,2.1,0.459,0.429,0.827,2,0,3.0
1630595,Cade Cunningham,DET,62,33.5,22.7,4.3,7.5,0.9,0.4,3.4,8.5,18.8,1.9,5.4,3.8,4.4,0.449,0.355,0.869,14,0,-5.6
1631216,Caleb Houstan,ORL,59,13.8,4.3,1.4,0.5,0.3,0.1,0.3,1.4,3.5,1.2,3.3,0.4,0.4,0.388,0.373,0.808,0,0,-0.5
1628997,Caleb Martin,MIA,64,27.4,10.0,4.4,2.2,0.7,0.5,1.2,3.8,8.7,1.3,3.6,1.2,1.5,0.431,0.349,0.778,2,0,1.0
1629629,Cam Reddish,LAL,48,20.5,5.4,2.1,1.0,1.0,0.3,0.6,1.9,4.9,0.8,2.3,0.9,1.1,0.389,0.336,0.759,0,0,-1.0
1630560,Cam Thomas,BKN,66,31.4,22.5,3.2,2.9,0.7,0.2,1.9,8.0,18.0,2.2,6.0,4.3,5.1,0.442,0.364,0.856,0,0,-3.0
1641715,Cam Whitmore,HOU,47,18.7,12.3,3.8,0.7,0.6,0.4,1.0,4.5,9.9,1.7,4.7,1.6,2.4,0.454,0.359,0.679,1,0,-0.6
1629661,Cameron Johnson,BKN,58,27.6,13.4,4.3,2.4,0.8,0.3,1.0,4.8,10.7,2.4,6.1,1.5,1.9,0.446,0.391,0.789,1,0,-1.3
1626166,Cameron Payne,PHI,78,16.7,7.4,1.5,2.6,0.5,0.1,0.8,2.7,6.2,1.3,3.4,0.7,0.9,0.432,0.39,0.866,1,0,-0.1
1627747,Caris LeVert,CLE,68,28.8,14.0,4.1,5.1,1.1,0.5,1.7,5.1,12.1,1.6,4.9,2.3,3.0,0.421,0.325,0.766,6,0,1.8
1641717,Cason Wallace,OKC,82,20.6,6.8,2.3,1.5,0.9,0.5,0.5,2.6,5.4,1.2,2.9,0.4,0.5,0.491,0.419,0.784,0,0,1.5
1626224,Cedi Osman,SAS,72,17.6,6.8,2.5,1.7,0.5,0.2,0.7,2.6,5.3,1.2,3.1,0.5,0.7,0.479,0.389,0.673,0,0,-4.9
1629646,Charles Bassey,SAS,19,10.8,3.3,4.0,1.1,0.4,0.9,0.8,1.5,2.1,0.0,0.1,0.3,0.3,0.725,0.0,0.833,0,0,-2.4
1629718,Charlie Brown Jr.,NYK,8,4.7,0.8,0.2,0.0,0.0,0.2,0.2,0.2,1.2,0.2,0.9,0.0,0.0,0.2,0.286,0.0,0,0,-0.8
1631096,Chet Holmgren,OKC,82,29.4,16.5,7.9,2.4,0.6,2.3,1.6,6.2,11.6,1.6,4.3,2.7,3.4,0.53,0.37,0.793,23,0,5.2
1629002,Chimezie Metu,DET,51,16.8,6.5,3.8,0.9,0.8,0.3,1.0,2.4,4.8,0.5,1.8,1.1,1.3,0.504,0.298,0.906,1,0,-2.1
1628449,Chris Boucher,TOR,50,14.1,6.4,4.1,0.5,0.3,0.5,0.6,2.2,4.3,0.6,1.9,1.4,1.8,0.507,0.33,0.772,0,0,0.6
1630537,Chris Duarte,SAC,59,12.2,3.9,1.8,0.7,0.5,0.1,0.4,1.4,3.6,0.7,2.2,0.4,0.6,0.381,0.346,0.788,0,0,-1.1
1641753,Chris Livingston,MIL,21,4.3,1.2,1.0,0.2,0.1,0.0,0.2,0.5,1.0,0.0,0.2,0.1,0.2,0.5,0.2,0.75,0,0,-1.3
101108,Chris Paul,GSW,58,26.4,9.2,3.9,6.8,1.2,0.1,1.3,3.6,8.1,1.3,3.6,0.7,0.9,0.441,0.371,0.827,5,0,1.9
1631128,Christian Braun,DEN,82,20.2,7.3,3.7,1.6,0.5,0.4,0.7,2.7,5.9,0.8,2.0,1.1,1.6,0.46,0.384,0.694,2,0,-0.2
1626174,Christian Wood,LAL,50,17.4,6.9,5.1,1.0,0.3,0.7,1.0,2.5,5.3,0.7,2.3,1.3,1.9,0.466,0.307,0.702,2,0,0.1
1629643,Chuma Okeke,ORL,47,9.2,2.3,1.7,0.4,0.2,0.1,0.3,0.9,2.4,0.5,1.7,0.1,0.1,0.357,0.28,0.571,0,0,-1.5
203991,Clint Capela,ATL,73,25.8,11.5,10.6,1.2,0.6,1.5,1.0,4.8,8.5,0.0,0.0,1.8,2.8,0.571,0.0,0.631,38,0,-0.2
1629632,Coby White,CHI,79,36.5,19.1,4.5,5.1,0.7,0.2,2.1,6.8,15.3,2.6,7.0,2.8,3.3,0.447,0.376,0.838,5,0,-0.4
1628998,Cody Martin,CHA,28,26.9,7.5,3.9,3.7,1.1,0.6,1.6,2.9,7.7,1.0,3.1,0.7,1.2,0.381,0.314,0.606,1,0,-5.6
203469,Cody Zeller,NOP,43,7.4,1.8,2.6,0.9,0.2,0.1,0.4,0.6,1.4,0.0,0.1,0.5,0.9,0.419,0.333,0.605,0,0,1.1
1641732,Colby Jones,SAC,30,6.4,2.1,1.3,0.7,0.2,0.2,0.3,0.9,2.4,0.1,0.7,0.2,0.4,0.394,0.091,0.545,0,0,0.3
1630175,Cole Anthony,ORL,81,22.4,11.6,3.8,2.9,0.8,0.5,1.6,4.1,9.4,1.1,3.4,2.2,2.7,0.435,0.338,0.826,3,0,1.4
1631306,Cole Swider,MIA,18,4.8,2.3,0.4,0.3,0.1,0.1,0.4,0.8,2.1,0.6,1.7,0.1,0.1,0.395,0.333,1.0,0,0,-1.1
1630658,Colin Castleton,LAL,16,3.7,1.5,0.8,0.2,0.1,0.0,0.2,0.6,1.0,0.0,0.0,0.4,0.4,0.563,0.0,1.0,0,0,-2.8
1631221,Collin Gillespie,DEN,24,9.4,3.6,0.9,1.1,0.5,0.0,0.6,1.3,2.9,0.6,1.6,0.3,0.5,0.464,0.395,0.667,0,0,0.6
1629012,Collin Sexton,UTA,78,26.6,18.7,2.6,4.9,0.8,0.2,2.1,6.5,13.3,1.6,4.2,4.1,4.7,0.487,0.394,0.859,4,0,-1.8
1630557,Corey Kispert,WAS,80,25.8,13.4,2.8,2.0,0.5,0.2,1.2,4.8,9.9,2.3,6.0,1.4,2.0,0.486,0.383,0.726,1,0,-5.6
202709,Cory Joseph,GSW,26,11.4,2.4,1.2,1.6,0.2,0.1,0.5,0.9,2.5,0.5,1.6,0.2,0.3,0.359,0.31,0.571,0,0,-0.5
1641854,Craig Porter Jr.,CLE,51,12.7,5.6,2.1,2.3,0.4,0.3,0.9,2.3,4.5,0.2,0.7,0.8,1.1,0.509,0.353,0.732,0,0,-0.5
1626156,D'Angelo Russell,LAL,76,32.7,18.0,3.1,6.3,0.9,0.5,2.1,6.5,14.2,3.0,7.2,2.1,2.5,0.456,0.415,0.828,10,0,2.4
1641793,D'Moi Hodge,LAL,7,5.9,2.0,0.0,0.7,0.1,0.1,0.1,0.7,2.1,0.4,1.7,0.1,0.3,0.333,0.25,0.5,0,0,-5.0
1630618,D.J. Carton,TOR,4,8.9,2.8,1.0,0.8,0.2,0.0,0.2,0.8,2.0,0.2,1.0,1.0,1.2,0.375,0.25,0.8,0,0,-7.8
1628391,D.J. Wilson,PHI,2,7.7,5.0,1.0,1.0,0.0,1.0,0.0,2.0,3.0,1.0,1.0,0.0,0.0,0.667,1.0,0.0,0,0,1.0
1629610,DaQuan Jeffries,NYK,17,2.7,0.8,0.3,0.3,0.0,0.1,0.2,0.4,1.0,0.1,0.6,0.0,0.1,0.353,0.2,0.0,0,0,-0.6
1630227,Daishen Nix,MIN,15,3.3,1.8,0.2,0.4,0.3,0.0,0.3,0.6,1.6,0.4,1.1,0.2,0.4,0.375,0.353,0.5,0,0,1.9
1630625,Dalano Banton,POR,54,19.4,10.3,3.3,2.4,0.6,0.4,1.4,3.7,9.3,1.1,3.7,1.7,2.2,0.404,0.296,0.783,2,0,-4.1
1631207,Dalen Terry,CHI,59,11.5,3.1,1.9,1.4,0.5,0.3,0.5,1.2,2.7,0.3,1.3,0.4,0.7,0.439,0.23,0.581,0,0,0.6
1627745,Damian Jones,CLE,39,6.9,2.7,1.6,0.4,0.2,0.3,0.3,1.1,1.8,0.1,0.4,0.5,0.5,0.597,0.214,0.857,0,0,-2.3
203081,Damian Lillard,MIL,73,35.3,24.3,4.4,7.0,1.0,0.2,2.6,7.4,17.5,3.0,8.5,6.5,7.0,0.424,0.354,0.92,12,0,5.3
1629655,Daniel Gafford,DAL,74,24.5,11.0,7.6,1.6,0.9,2.1,1.0,4.7,6.5,0.0,0.0,1.6,2.4,0.725,0.0,0.674,15,0,-1.4
1628464,Daniel Theis,LAC,60,16.9,6.3,4.1,1.0,0.4,0.8,0.7,2.6,4.9,0.4,1.2,0.6,0.8,0.532,0.366,0.76,1,0,1.0
201568,Danilo Gallinari,MIL,49,12.8,5.7,2.2,1.1,0.3,0.1,0.5,1.7,3.9,0.6,1.9,1.7,2.0,0.437,0.323,0.857,0,0,-2.0
201980,Danny Green,PHI,2,9.2,0.0,1.0,0.5,0.5,0.0,0.0,0.0,1.0,0.0,0.5,0.0,0.0,0.0,0.0,0.0,0,0,0.0
203957,Danté Exum,DAL,55,19.8,7.8,2.7,2.9,0.4,0.1,0.9,2.9,5.5,1.0,2.0,1.0,1.2,0.533,0.491,0.779,0,0,4.3
1627863,Danuel House Jr.,PHI,34,15.0,4.2,1.7,0.8,0.4,0.1,0.6,1.4,3.1,0.4,1.5,1.0,1.4,0.448,0.3,0.761,0,0,0.6
203967,Dario Šarić,GSW,64,17.2,8.0,4.4,2.2,0.5,0.2,1.2,2.8,6.1,1.2,3.1,1.2,1.5,0.466,0.376,0.849,2,0,-0.3
1641727,Dariq Whitehead,BKN,2,12.0,1.5,2.0,1.5,0.0,0.5,0.0,0.5,2.5,0.0,1.5,0.5,1.0,0.2,0.0,0.5,0,0,-11.0
1629647,Darius Bazley,UTA,9,16.9,5.3,3.1,0.8,0.7,0.8,0.9,2.0,3.3,0.2,0.9,1.1,1.3,0.6,0.25,0.833,0,0,-3.7
1629636,Darius Garland,CLE,57,33.3,18.0,2.7,6.5,1.3,0.1,3.1,6.6,14.8,2.3,6.2,2.6,3.1,0.446,0.371,0.834,6,0,2.0
1630561,David Duke Jr.,SAS,4,12.8,6.5,2.5,1.2,0.5,0.0,0.8,2.5,4.5,0.8,1.5,0.8,0.8,0.556,0.5,1.0,0,0,1.5
1631223,David Roddy,PHX,65,18.1,6.5,3.2,1.2,0.4,0.2,0.9,2.5,6.3,0.7,2.5,0.7,1.0,0.403,0.293,0.691,0,0,-3.5
1630558,Davion Mitchell,SAC,72,15.3,5.3,1.3,1.9,0.2,0.0,0.6,2.0,4.5,0.8,2.2,0.4,0.6,0.452,0.361,0.714,0,0,-0.6
202722,Davis Bertans,CHA,43,15.7,6.7,1.4,0.8,0.6,0.3,0.4,2.1,5.4,1.8,4.7,0.7,0.8,0.393,0.38,0.909,0,0,-1.7
1630549,Day'Ron Sharpe,BKN,61,15.1,6.8,6.4,1.4,0.4,0.7,1.1,2.8,4.8,0.1,0.2,1.2,2.0,0.571,0.267,0.61,6,0,1.0
1628368,De'Aaron Fox,SAC,74,35.9,26.6,4.6,5.6,2.0,0.4,2.6,9.7,20.9,2.9,7.8,4.2,5.7,0.465,0.369,0.738,6,0,3.1
1629631,De'Andre Hunter,ATL,57,29.5,15.6,3.9,1.5,0.7,0.3,1.5,5.3,11.6,2.1,5.3,2.9,3.4,0.459,0.385,0.847,3,0,-0.9
1629001,De'Anthony Melton,PHI,38,26.9,11.1,3.7,3.0,1.6,0.4,1.0,3.7,9.5,2.0,5.6,1.7,2.1,0.386,0.36,0.835,0,0,5.7
201599,DeAndre Jordan,DEN,36,11.0,3.9,4.4,0.7,0.2,0.4,0.6,1.6,2.6,0.0,0.0,0.7,1.5,0.624,0.0,0.491,1,0,-2.4
1630610,DeJon Jarreau,MEM,9,16.6,4.8,4.9,2.9,0.7,0.2,1.0,1.9,5.6,0.4,1.4,0.6,1.2,0.34,0.308,0.455,0,0,-2.7
201942,DeMar DeRozan,CHI,79,37.8,24.0,4.3,5.3,1.1,0.6,1.7,8.2,17.2,0.9,2.8,6.6,7.7,0.48,0.333,0.853,7,0,-0.8
1629731,Dean Wade,CLE,54,20.5,5.4,4.0,0.8,0.7,0.5,0.4,1.8,4.3,1.5,3.7,0.4,0.5,0.414,0.391,0.769,0,0,3.3
1629028,Deandre Ayton,POR,55,32.4,16.7,11.1,1.6,1.0,0.8,1.8,7.8,13.6,0.0,0.2,1.2,1.4,0.57,0.1,0.823,32,0,-5.8
1627749,Dejounte Murray,ATL,78,35.7,22.5,5.3,6.4,1.4,0.3,2.6,8.6,18.8,2.6,7.1,2.7,3.4,0.459,0.363,0.794,20,1,-2.0
1626153,Delon Wright,MIA,47,15.8,4.5,1.8,2.5,1.1,0.2,0.3,1.6,4.0,0.5,1.4,0.8,1.0,0.394,0.368,0.822,0,0,0.3
1630166,Deni Avdija,WAS,75,30.1,14.7,7.2,3.8,0.8,0.5,2.1,5.4,10.7,1.2,3.1,2.7,3.6,0.506,0.374,0.74,18,0,-4.4
203471,Dennis Schröder,BKN,80,31.1,14.0,3.0,6.1,0.8,0.2,1.9,5.0,11.6,1.7,4.6,2.2,2.7,0.435,0.375,0.836,8,0,-1.6
1628372,Dennis Smith Jr.,BKN,56,18.9,6.6,2.9,3.6,1.2,0.2,1.2,2.6,6.0,0.6,1.9,0.8,1.0,0.435,0.294,0.741,3,0,-0.6
1641726,Dereck Lively II,DAL,55,23.5,8.8,6.9,1.1,0.7,1.4,0.9,4.0,5.4,0.0,0.0,0.7,1.5,0.747,0.0,0.506,8,0,2.6
1631220,Dereon Seabron,NOP,6,9.2,2.3,1.2,0.8,0.3,0.2,0.0,0.7,2.2,0.2,0.3,0.8,1.0,0.308,0.5,0.833,0,0,4.7
1627884,Derrick Jones Jr.,DAL,76,23.5,8.6,3.3,1.0,0.7,0.7,0.9,3.1,6.5,1.1,3.1,1.3,1.8,0.483,0.343,0.713,2,0,0.7
201565,Derrick Rose,MEM,24,16.6,8.0,1.9,3.2,0.3,0.1,1.3,3.2,6.9,0.6,1.7,1.0,1.1,0.461,0.366,0.889,0,0,-1.4
1628401,Derrick White,BOS,73,32.6,15.2,4.2,5.2,1.0,1.2,1.5,5.3,11.5,2.7,6.8,1.9,2.1,0.461,0.396,0.901,5,1,8.5
1630217,Desmond Bane,MEM,42,34.4,23.7,4.4,5.5,1.0,0.5,2.7,8.6,18.5,3.3,8.6,3.3,3.8,0.464,0.381,0.87,3,0,-4.8
1626164,Devin Booker,PHX,68,36.0,27.1,4.5,6.9,0.9,0.4,2.6,9.4,19.2,2.2,6.1,6.0,6.7,0.492,0.364,0.886,13,0,4.6
1630170,Devin Vassell,SAS,68,33.1,19.5,3.8,4.1,1.1,0.3,1.6,7.3,15.5,2.4,6.6,2.4,3.0,0.472,0.372,0.801,0,0,-4.3
1628984,Devonte' Graham,SAS,23,13.6,5.0,1.6,2.1,0.4,0.1,0.7,1.7,4.7,1.1,3.6,0.6,0.7,0.352,0.301,0.813,0,0,1.0
1641926,Dexter Dennis,DAL,4,7.5,5.5,2.2,1.0,0.0,0.2,0.8,2.5,4.8,0.2,2.0,0.2,0.8,0.526,0.125,0.333,0,0,-2.2
1628415,Dillon Brooks,HOU,72,30.9,12.7,3.4,1.7,0.9,0.1,1.2,4.6,10.7,1.8,5.1,1.7,2.0,0.428,0.359,0.844,1,0,-0.3
1631376,Dmytro Skapintsev,NYK,2,1.1,0.0,0.0,0.0,0.0,0.0,0.0,0.0,0.5,0.0,0.0,0.0,0.0,0.0,0.0,0.0,0,0,0.0
1627734,Domantas Sabonis,SAC,82,35.7,19.4,13.7,8.2,0.9,0.6,3.3,7.7,13.0,0.4,1.1,3.6,5.1,0.594,0.379,0.704,77,26,0.8
1631230,Dominick Barlow,SAS,33,12.7,4.4,3.4,1.1,0.4,0.4,0.3,1.7,3.4,0.1,0.3,0.9,1.3,0.496,0.333,0.69,0,0,-1.0
1628378,Donovan Mitchell,CLE,55,35.3,26.6,5.1,6.1,1.8,0.5,2.8,9.1,19.8,3.3,9.0,5.0,5.8,0.462,0.368,0.865,6,0,5.9
1628978,Donte DiVincenzo,NYK,81,29.1,15.5,3.7,2.7,1.3,0.4,1.4,5.5,12.4,3.5,8.7,1.1,1.4,0.443,0.401,0.754,0,0,2.0
1627827,Dorian Finney-Smith,BKN,68,28.4,8.5,4.7,1.6,0.8,0.6,0.9,3.2,7.5,1.7,4.9,0.5,0.7,0.421,0.348,0.717,0,0,-1.6
203926,Doug McDermott,IND,64,14.1,5.5,0.9,1.1,0.2,0.0,0.4,1.9,4.4,1.5,3.6,0.2,0.3,0.433,0.41,0.579,0,0,-2.2
203110,Draymond Green,GSW,55,27.1,8.6,7.2,6.0,1.0,0.9,2.5,3.4,6.8,0.9,2.3,1.0,1.3,0.497,0.395,0.73,10,1,3.1
1629234,Drew Eubanks,PHX,75,15.6,5.1,4.3,0.8,0.4,0.8,0.8,2.0,3.4,0.0,0.0,1.0,1.2,0.601,1.0,0.774,0,0,-1.4
1641809,Drew Peterson,BOS,3,7.6,3.7,0.3,0.3,0.7,0.0,0.3,1.3,2.0,1.0,1.7,0.0,0.0,0.667,0.6,0.0,0,0,2.7
1630696,Dru Smith,MIA,9,14.5,4.3,1.6,1.6,1.0,0.3,0.6,1.7,3.7,0.8,1.9,0.2,0.2,0.455,0.412,1.0,0,0,-4.8
1629130,Duncan Robinson,MIA,68,28.0,12.9,2.5,2.8,0.7,0.2,1.4,4.5,9.9,2.8,7.0,1.2,1.3,0.45,0.395,0.889,0,0,0.6
1641871,Duop Reath,POR,68,17.9,9.1,3.7,1.0,0.5,0.6,0.8,3.4,7.3,1.3,3.6,1.0,1.4,0.461,0.359,0.742,1,0,-2.8
203939,Dwight Powell,DAL,63,13.3,3.3,3.4,1.3,0.4,0.3,0.5,1.1,1.7,0.0,0.0,1.0,1.4,0.679,0.333,0.708,1,0,0.0
1629685,Dylan Windler,ATL,17,6.4,2.5,0.9,0.6,0.1,0.0,0.1,0.9,1.8,0.8,1.6,0.0,0.0,0.5,0.481,0.0,0,0,-0.9
1630700,Dyson Daniels,NOP,61,22.3,5.8,3.9,2.7,1.4,0.4,1.0,2.3,5.1,0.7,2.2,0.6,0.9,0.447,0.311,0.642,1,0,1.2
1630604,E.J. Liddell,NOP,8,2.9,0.5,0.6,0.1,0.2,0.2,0.2,0.1,0.8,0.0,0.6,0.2,0.2,0.167,0.0,1.0,0,0,-0.5
1641734,Emoni Bates,CLE,15,8.9,2.7,0.9,0.7,0.1,0.1,0.5,1.0,3.3,0.7,2.2,0.1,0.3,0.306,0.303,0.25,0,0,-5.6
201569,Eric Gordon,PHX,68,27.8,11.0,1.8,2.0,1.0,0.4,1.1,4.0,9.1,2.2,5.8,0.8,0.9,0.443,0.378,0.797,0,0,1.9
1630647,Eugene Omoruyi,WAS,43,9.1,4.8,2.0,0.8,0.6,0.1,0.5,1.9,3.9,0.3,1.1,0.7,1.1,0.485,0.283,0.653,1,0,-3.2
203095,Evan Fournier,DET,32,18.1,6.9,1.8,1.5,0.9,0.2,0.7,2.5,6.9,1.0,4.1,0.9,1.1,0.357,0.254,0.806,0,0,-4.4
1630596,Evan Mobley,CLE,50,30.6,15.7,9.4,3.2,0.9,1.4,1.8,6.4,11.1,0.4,1.2,2.5,3.4,0.579,0.373,0.719,22,0,0.7
1630196,Filip Petrusev,SAC,3,3.1,1.0,0.3,0.0,0.0,0.0,0.0,0.3,0.7,0.0,0.0,0.3,0.7,0.5,0.0,0.5,0,0,2.0
1628373,Frank Ntilikina,CHA,5,8.6,1.0,1.2,0.8,0.0,0.0,0.2,0.2,1.8,0.2,1.6,0.4,0.4,0.111,0.125,1.0,0,0,-0.2
1630532,Franz Wagner,ORL,72,32.5,19.7,5.3,3.7,1.1,0.4,1.9,7.3,15.2,1.3,4.6,3.8,4.4,0.482,0.281,0.85,0,0,2.8
1627832,Fred VanVleet,HOU,73,36.8,17.4,3.8,8.1,1.4,0.8,1.7,5.8,13.9,3.1,8.0,2.7,3.1,0.416,0.387,0.86,20,0,2.5
1627788,Furkan Korkmaz,PHI,35,8.6,2.5,0.9,0.7,0.4,0.1,0.3,0.9,2.2,0.4,1.1,0.4,0.6,0.395,0.35,0.7,0,0,1.3
1641713,GG Jackson,MEM,48,25.7,14.6,4.1,1.2,0.6,0.5,1.4,5.0,11.7,2.1,6.0,2.4,3.2,0.428,0.357,0.752,2,0,-4.0
1629216,Gabe Vincent,LAL,11,19.8,3.1,0.8,1.9,0.8,0.0,0.5,1.4,4.5,0.3,2.5,0.1,0.2,0.306,0.107,0.5,0,0,2.8
202066,Garrett Temple,TOR,27,10.7,3.3,1.7,1.0,0.4,0.1,0.5,1.1,2.9,0.4,1.5,0.7,0.8,0.372,0.3,0.818,0,0,-2.9
1629726,Garrison Mathews,ATL,66,15.0,4.9,1.4,0.6,0.3,0.1,0.3,1.6,3.4,1.3,2.9,0.5,0.6,0.456,0.44,0.81,0,0,-1.5
203914,Gary Harris,ORL,54,24.0,6.9,1.7,1.6,0.9,0.3,0.6,2.4,5.5,1.4,3.8,0.6,0.8,0.441,0.371,0.756,0,0,1.7
1627780,Gary Payton II,GSW,44,15.5,5.5,2.6,1.1,0.9,0.4,0.6,2.3,4.2,0.5,1.2,0.3,0.5,0.563,0.364,0.609,0,0,1.9
1629018,Gary Trent Jr.,TOR,71,28.1,13.7,2.6,1.7,1.1,0.1,0.7,5.1,11.9,2.5,6.4,1.0,1.4,0.426,0.393,0.771,1,0,-2.7
1627777,Georges Niang,CLE,82,22.3,9.4,3.4,1.2,0.4,0.2,0.9,3.5,7.7,1.8,4.8,0.6,0.7,0.449,0.376,0.85,0,0,0.4
203507,Giannis Antetokounmpo,MIL,73,35.2,30.4,11.5,6.5,1.2,1.1,3.4,11.5,18.8,0.5,1.7,7.0,10.7,0.611,0.274,0.657,57,10,4.6
1629048,Goga Bitadze,ORL,62,15.4,5.0,4.6,1.3,0.5,1.2,0.7,2.0,3.4,0.0,0.2,0.9,1.4,0.603,0.143,0.655,5,0,0.4
202330,Gordon Hayward,OKC,51,24.4,9.8,3.5,3.1,0.8,0.3,1.3,3.7,7.9,0.7,1.8,1.7,2.4,0.464,0.411,0.742,0,0,-2.6
1641711,Gradey Dick,TOR,60,21.1,8.5,2.2,1.1,0.6,0.0,0.8,3.2,7.4,1.5,4.0,0.7,0.8,0.425,0.365,0.863,0,0,-6.3
1629684,Grant Williams,CHA,76,28.0,10.3,4.2,2.3,0.6,0.5,1.4,3.6,8.0,1.7,4.4,1.4,1.8,0.456,0.375,0.757,2,0,-3.2
1628960,Grayson Allen,PHX,75,33.5,13.5,3.9,3.0,0.9,0.6,1.3,4.5,9.1,2.7,5.9,1.7,2.0,0.499,0.461,0.878,1,0,3.5
1630535,Greg Brown III,DAL,6,6.6,2.5,1.5,0.7,0.0,0.7,0.7,0.8,1.8,0.2,0.5,0.7,1.5,0.455,0.333,0.444,0,0,-1.5
1630611,Gui Santos,GSW,23,8.4,3.6,2.1,0.6,0.2,0.1,0.3,1.2,2.4,0.4,1.2,0.7,0.7,0.509,0.37,0.941,0,0,0.7
1628977,Hamidou Diallo,WAS,2,2.4,1.0,1.0,0.5,1.0,0.0,0.5,0.5,1.0,0.0,0.0,0.0,0.0,0.5,0.0,0.0,0,0,2.0
203084,Harrison Barnes,SAC,82,29.0,12.2,3.0,1.2,0.7,0.1,0.7,4.2,8.9,1.8,4.7,1.9,2.4,0.474,0.387,0.801,0,0,-1.0
1628385,Harry Giles III,LAL,23,4.3,2.4,1.3,0.3,0.1,0.1,0.3,1.0,2.2,0.1,0.6,0.3,0.6,0.46,0.214,0.538,0,0,-1.8
1629312,Haywood Highsmith,MIA,66,20.7,6.1,3.2,1.1,0.8,0.5,0.5,2.3,5.0,1.2,2.9,0.3,0.5,0.465,0.396,0.639,0,0,0.1
1630929,Henri Drell,CHI,4,7.5,2.8,1.0,1.0,0.5,0.2,0.5,1.0,2.5,0.5,1.5,0.2,0.5,0.4,0.333,0.5,0,0,1.5
1630529,Herbert Jones,NOP,76,30.5,11.0,3.6,2.6,1.4,0.8,1.2,3.9,7.7,1.5,3.6,1.8,2.1,0.498,0.418,0.867,0,0,3.0
1641816,Hunter Tyson,DEN,18,2.7,1.1,0.5,0.1,0.1,0.0,0.1,0.4,1.1,0.2,0.8,0.0,0.0,0.4,0.286,0.0,0,0,0.4
1630641,Ibou Badji,POR,22,10.3,1.5,2.3,0.6,0.1,0.9,0.7,0.6,1.0,0.0,0.0,0.3,0.5,0.636,0.0,0.5,0,0,-4.1
1630193,Immanuel Quickley,TOR,68,29.2,17.0,3.8,4.9,0.7,0.1,1.5,5.7,13.1,2.5,6.4,3.1,3.6,0.434,0.395,0.853,8,0,-0.5
1630171,Isaac Okoro,CLE,69,27.3,9.4,3.0,1.9,0.8,0.5,0.8,3.4,7.0,1.2,3.1,1.3,2.0,0.49,0.391,0.679,0,0,0.6
1628392,Isaiah Hartenstein,NYK,75,25.3,7.8,8.3,2.5,1.2,1.1,1.2,3.1,4.9,0.0,0.0,1.5,2.1,0.644,0.333,0.707,10,0,5.4
1630543,Isaiah Jackson,IND,60,12.8,6.4,4.0,0.8,0.6,1.0,0.6,2.6,3.9,0.0,0.1,1.2,1.7,0.665,0.0,0.716,4,0,0.5
1630198,Isaiah Joe,OKC,78,18.5,8.2,2.3,1.3,0.6,0.3,0.6,2.8,6.2,1.9,4.5,0.6,0.7,0.458,0.416,0.865,0,0,4.5
1630587,Isaiah Livers,DET,23,20.4,5.0,2.1,1.1,0.6,0.2,0.7,1.7,5.0,1.0,3.3,0.5,0.8,0.345,0.286,0.667,0,0,-8.7
1630600,Isaiah Mobley,CLE,10,7.2,2.3,1.0,0.6,0.2,0.0,0.2,1.0,2.4,0.3,1.0,0.0,0.1,0.417,0.3,0.0,0,0,-3.0
1630191,Isaiah Stewart,DET,46,30.9,10.9,6.6,1.6,0.4,0.8,1.4,4.0,8.3,1.5,3.8,1.4,1.8,0.487,0.383,0.753,5,0,-2.9
202738,Isaiah Thomas,PHX,6,3.2,1.3,0.0,0.5,0.0,0.0,0.0,0.5,1.7,0.3,0.7,0.0,0.0,0.3,0.5,0.0,0,0,-2.3
1631209,Isaiah Wong,IND,1,4.3,2.0,0.0,0.0,0.0,0.0,0.0,1.0,3.0,0.0,1.0,0.0,0.0,0.333,0.0,0.0,0,0,-5.0
202397,Ish Smith,CHA,43,17.2,3.2,1.8,3.4,0.4,0.1,1.1,1.5,3.7,0.1,0.2,0.1,0.1,0.418,0.5,0.75,0,0,-6.5
1630688,Ish Wainright,PHX,11,5.7,2.1,1.3,0.1,0.4,0.1,0.2,0.6,2.2,0.6,1.8,0.2,0.2,0.292,0.35,1.0,0,0,-0.4
1627826,Ivica Zubac,LAC,68,26.4,11.7,9.2,1.4,0.3,1.2,1.2,5.0,7.6,0.0,0.0,1.8,2.4,0.649,0.0,0.723,23,0,2.7
1631167,Izaiah Brockington,NOP,1,3.4,4.0,2.0,0.0,0.0,0.0,0.0,2.0,5.0,0.0,1.0,0.0,0.0,0.4,0.0,0.0,0,0,3.0
1631120,JD Davison,BOS,8,4.9,2.0,1.2,1.2,0.1,0.1,0.2,0.6,1.5,0.4,0.9,0.4,0.5,0.417,0.429,0.75,0,0,2.9
1630550,JT Thor,CHA,63,12.4,3.2,2.3,0.5,0.2,0.4,0.2,1.3,2.9,0.4,1.3,0.2,0.3,0.437,0.346,0.55,0,0,-0.8
1629630,Ja Morant,MEM,9,35.3,25.1,5.6,8.1,0.8,0.6,3.0,8.9,18.9,1.6,5.7,5.8,7.1,0.471,0.275,0.813,3,0,1.2
201580,JaVale McGee,SAC,46,7.4,4.0,2.7,0.4,0.3,0.4,0.7,1.7,2.9,0.0,0.2,0.6,1.0,0.598,0.143,0.578,0,0,0.2
1631095,Jabari Smith Jr.,HOU,76,31.9,13.7,8.1,1.6,0.7,0.8,1.2,5.0,11.0,1.8,5.0,2.0,2.4,0.454,0.363,0.811,16,0,-1.1
1631133,Jabari Walker,POR,72,23.6,8.9,7.1,1.0,0.6,0.3,0.9,3.2,7.1,0.6,1.9,1.8,2.4,0.46,0.295,0.754,11,0,-4.7
1631298,Jack White,MEM,4,15.9,1.5,3.0,0.2,1.0,0.2,0.5,0.5,4.0,0.5,2.5,0.0,0.0,0.125,0.2,0.0,0,0,-7.0
1631367,Jacob Gilyard,BKN,41,17.0,4.2,1.1,3.3,0.8,0.1,0.7,1.5,3.7,1.2,3.1,0.0,0.0,0.4,0.405,1.0,0,0,-4.2
1631210,Jacob Toppin,NYK,9,4.2,1.4,0.8,0.3,0.0,0.1,0.1,0.6,1.0,0.1,0.4,0.2,0.2,0.556,0.25,1.0,0,0,-1.8
1630702,Jaden Hardy,DAL,73,13.6,7.3,1.8,1.5,0.3,0.1,0.8,2.7,6.6,1.1,3.1,0.8,1.0,0.407,0.362,0.776,0,0,-1.7
1631093,Jaden Ivey,DET,77,28.8,15.4,3.4,3.8,0.7,0.5,2.5,5.4,12.6,1.6,4.8,2.9,3.9,0.429,0.336,0.749,2,0,-4.5
1630183,Jaden McDaniels,MIN,72,29.2,10.5,3.1,1.4,0.9,0.6,1.2,4.3,8.7,1.2,3.5,0.8,1.1,0.489,0.337,0.722,0,0,2.2
1630531,Jaden Springer,BOS,49,10.3,3.3,1.6,0.9,0.7,0.3,0.7,1.2,3.0,0.2,1.0,0.7,0.9,0.399,0.208,0.833,0,0,-0.6
203109,Jae Crowder,MIL,50,23.1,6.2,3.2,1.3,0.8,0.2,0.5,2.3,5.4,1.2,3.3,0.5,0.7,0.422,0.349,0.722,0,0,-1.4
1630256,Jae'Sean Tate,HOU,65,15.9,4.1,3.0,1.0,0.6,0.2,0.6,1.7,3.5,0.4,1.2,0.4,0.6,0.472,0.299,0.667,0,0,1.2
1630186,Jahmi'us Ramsey,TOR,7,17.3,6.7,3.1,1.1,1.0,0.0,1.0,2.6,5.9,0.9,3.1,0.7,0.9,0.439,0.273,0.833,0,0,-4.0
1631170,Jaime Jaquez Jr.,MIA,75,28.2,11.9,3.8,2.6,1.0,0.3,1.5,4.5,9.3,0.9,2.7,1.9,2.3,0.489,0.322,0.811,1,0,1.4
1631222,Jake LaRavia,MEM,35,23.0,10.8,3.7,1.7,0.8,0.3,1.3,3.4,8.7,1.5,4.5,2.6,3.1,0.389,0.34,0.826,2,0,-3.3
1627751,Jakob Pöltl,TOR,50,26.4,11.1,8.6,2.5,0.7,1.5,1.5,5.0,7.6,0.0,0.0,1.2,2.1,0.656,0.0,0.551,20,0,-0.3
1628973,Jalen Brunson,NYK,77,35.4,28.7,3.6,6.7,0.9,0.2,2.4,10.3,21.4,2.7,6.8,5.5,6.5,0.479,0.401,0.847,9,0,6.6
1630622,Jalen Crutcher,NOP,1,2.6,0.0,0.0,0.0,0.0,0.0,0.0,0.0,1.0,0.0,0.0,0.0,0.0,0.0,0.0,0.0,0,0,1.0
1631105,Jalen Duren,DET,61,29.1,13.8,11.6,2.4,0.5,0.8,2.1,5.7,9.2,0.0,0.1,2.3,3.0,0.619,0.0,0.79,44,0,-5.1
1630224,Jalen Green,HOU,82,31.7,19.6,5.2,3.5,0.8,0.3,2.3,6.9,16.2,2.5,7.4,3.5,4.3,0.423,0.332,0.804,7,1,0.4
1641720,Jalen Hood-Schifino,LAL,21,5.2,1.6,0.6,0.4,0.1,0.1,0.4,0.5,2.1,0.1,0.7,0.6,1.0,0.222,0.133,0.6,0,0,-2.6
1630552,Jalen Johnson,ATL,56,33.7,16.0,8.7,3.6,1.2,0.8,1.8,6.4,12.5,1.3,3.6,1.9,2.6,0.511,0.355,0.728,19,1,-1.4
1629667,Jalen McDaniels,TOR,50,10.8,3.4,1.6,0.7,0.4,0.1,0.6,1.3,3.8,0.2,1.4,0.5,0.7,0.344,0.169,0.73,0,0,-3.2
1629618,Jalen Pickett,DEN,27,4.5,1.6,0.5,0.8,0.1,0.0,0.3,0.6,1.3,0.3,0.9,0.1,0.1,0.429,0.36,0.75,0,0,-0.0
1641771,Jalen Slawson,SAC,12,3.1,0.7,0.6,0.2,0.1,0.1,0.2,0.3,0.5,0.0,0.2,0.0,0.0,0.667,0.0,0.0,0,0,-0.5
1630188,Jalen Smith,IND,61,17.2,9.9,5.5,1.0,0.3,0.6,0.7,3.8,6.5,1.0,2.4,1.2,1.7,0.592,0.424,0.692,5,0,-0.2
1630591,Jalen Suggs,ORL,75,27.0,12.6,3.1,2.7,1.4,0.6,1.8,4.5,9.5,2.0,5.1,1.6,2.1,0.471,0.397,0.756,0,0,0.6
1631114,Jalen Williams,OKC,71,31.3,19.1,4.0,4.5,1.1,0.6,1.7,7.5,14.0,1.5,3.4,2.5,3.1,0.54,0.427,0.814,3,0,5.4
1630592,Jalen Wilson,BKN,43,15.5,5.0,3.0,1.0,0.3,0.1,0.4,1.8,4.2,0.6,1.7,0.9,1.1,0.425,0.324,0.826,1,0,-0.1
1631288,Jamal Cain,MIA,26,10.0,3.7,1.4,0.4,0.4,0.2,0.3,1.3,3.0,0.4,1.2,0.7,0.9,0.43,0.355,0.783,0,0,-1.0
1627750,Jamal Murray,DEN,59,31.5,21.2,4.1,6.5,1.0,0.7,2.1,8.0,16.7,2.5,5.8,2.7,3.1,0.481,0.425,0.853,11,0,5.3
1631123,Jamaree Bouyea,SAS,9,10.5,2.3,2.1,1.2,0.1,0.0,1.0,1.1,3.1,0.1,1.0,0.0,0.0,0.357,0.111,0.0,0,0,-1.7
1630547,James Bouknight,CHA,14,5.8,3.6,0.6,0.4,0.1,0.1,0.1,1.3,2.9,0.9,2.1,0.1,0.1,0.439,0.433,0.5,0,0,-0.8
201935,James Harden,LAC,72,34.3,16.6,5.1,8.5,1.1,0.8,2.6,4.9,11.4,2.6,6.8,4.2,4.8,0.428,0.381,0.878,23,3,4.0
201949,James Johnson,IND,9,5.2,0.9,0.4,0.9,0.6,0.1,0.6,0.3,1.1,0.0,0.2,0.2,0.2,0.3,0.0,1.0,0,0,0.6
1630164,James Wiseman,DET,63,17.3,7.1,5.3,0.9,0.2,0.6,1.0,3.0,4.8,0.0,0.0,1.1,1.6,0.613,0.0,0.706,7,0,-5.2
1641716,Jarace Walker,IND,33,10.3,3.6,1.9,1.2,0.5,0.3,0.5,1.4,3.3,0.7,1.7,0.2,0.3,0.409,0.4,0.889,0,0,0.6
1630215,Jared Butler,WAS,40,14.1,6.3,1.4,3.2,0.7,0.2,1.2,2.4,5.0,0.6,2.0,0.8,0.9,0.488,0.308,0.861,1,0,-1.2
1631197,Jared Rhoden,DET,17,14.4,4.9,1.9,0.8,0.2,0.8,0.4,1.9,3.9,0.7,1.8,0.3,0.5,0.5,0.387,0.625,0,0,-2.3
1628991,Jaren Jackson Jr.,MEM,66,32.2,22.5,5.5,2.3,1.2,1.6,2.4,7.8,17.6,1.8,5.5,5.1,6.3,0.444,0.32,0.808,5,0,-5.2
1629020,Jarred Vanderbilt,LAL,29,20.0,5.2,4.8,1.2,1.2,0.2,1.0,2.0,3.9,0.3,0.9,0.8,1.2,0.518,0.296,0.667,0,0,1.5
1628386,Jarrett Allen,CLE,77,31.7,16.5,10.5,2.7,0.7,1.1,1.6,6.7,10.6,0.0,0.1,3.0,4.1,0.634,0.0,0.742,42,0,2.6
1630554,Jason Preston,UTA,7,10.2,1.7,2.4,2.3,0.3,0.1,0.3,0.9,2.7,0.0,0.4,0.0,0.0,0.316,0.0,0.0,0,0,3.3
1631241,Javon Freeman-Liberty,TOR,22,18.3,7.0,3.2,1.8,0.5,0.2,1.1,2.5,5.6,0.5,1.9,1.5,1.6,0.444,0.238,0.917,0,0,-7.2
1629750,Javonte Green,CHI,9,25.6,12.2,7.4,0.6,1.1,0.9,0.8,5.0,8.3,1.1,3.0,1.1,1.4,0.6,0.37,0.769,1,0,3.1
1630606,Javonte Smart,PHI,1,0.7,0.0,0.0,0.0,0.0,0.0,0.0,0.0,0.0,0.0,0.0,0.0,0.0,0.0,0.0,0.0,0,0,-3.0
1629637,Jaxson Hayes,LAL,70,12.5,4.3,3.0,0.5,0.5,0.4,0.6,1.8,2.5,0.0,0.1,0.7,1.2,0.72,0.0,0.622,2,0,-1.5
1630643,Jay Huff,DEN,20,2.5,1.2,0.6,0.1,0.1,0.2,0.0,0.4,0.8,0.2,0.4,0.1,0.1,0.6,0.333,1.0,0,0,-0.4
1627759,Jaylen Brown,BOS,70,33.5,23.0,5.5,3.6,1.2,0.5,2.4,9.0,17.9,2.1,5.9,3.0,4.3,0.499,0.354,0.703,6,1,5.9
1629669,Jaylen Nowell,DET,13,16.4,6.2,1.8,1.5,0.3,0.2,0.5,2.6,6.0,0.5,2.2,0.5,0.7,0.436,0.207,0.778,0,0,-2.5
1631119,Jaylin Williams,OKC,69,13.0,4.0,3.4,1.6,0.4,0.4,0.5,1.4,3.3,0.8,2.1,0.5,0.6,0.417,0.368,0.805,0,0,1.8
1628369,Jayson Tatum,BOS,74,35.7,26.9,8.1,4.9,1.0,0.6,2.5,9.1,19.3,3.1,8.2,5.6,6.7,0.471,0.376,0.833,25,0,8.2
1630288,Jeff Dowtin Jr.,PHI,12,11.8,4.3,1.7,2.2,0.6,0.1,0.4,1.7,3.0,0.8,1.6,0.2,0.3,0.556,0.474,0.75,0,0,1.8
201145,Jeff Green,HOU,78,16.8,6.5,2.3,0.9,0.2,0.4,0.6,2.1,4.7,0.7,2.1,1.6,1.9,0.456,0.331,0.819,0,0,-1.0
203924,Jerami Grant,POR,54,33.9,21.0,3.5,2.8,0.8,0.6,2.1,7.1,15.7,2.1,5.1,4.7,5.8,0.451,0.402,0.817,1,0,-6.5
1630526,Jeremiah Robinson-Earl,NOP,39,8.6,2.9,1.9,0.5,0.3,0.1,0.4,1.2,2.4,0.3,1.0,0.3,0.4,0.474,0.333,0.75,0,0,-0.6
1631110,Jeremy Sochan,SAS,74,29.6,11.6,6.4,3.4,0.8,0.5,1.9,4.6,10.5,0.9,3.1,1.5,1.9,0.438,0.308,0.771,7,0,-4.6
1630579,Jericho Sims,NYK,45,13.0,2.0,3.3,0.6,0.2,0.4,0.4,0.8,1.2,0.0,0.0,0.4,0.5,0.691,0.0,0.667,0,0,-0.2
1631257,Jermaine Samuels Jr.,HOU,14,4.3,1.4,0.9,0.2,0.1,0.1,0.0,0.6,1.0,0.0,0.1,0.1,0.1,0.643,0.0,1.0,0,0,-0.9
1629010,Jerome Robinson,GSW,22,3.7,1.4,0.3,0.2,0.0,0.1,0.1,0.5,1.5,0.1,0.8,0.3,0.5,0.333,0.118,0.636,0,0,1.2
1641724,Jett Howard,ORL,18,3.7,1.6,0.4,0.3,0.1,0.1,0.2,0.6,1.7,0.4,1.4,0.1,0.2,0.333,0.28,0.5,0,0,0.2
1628975,Jevon Carter,CHI,72,13.9,5.0,0.8,1.3,0.5,0.2,0.5,1.9,5.1,1.1,3.2,0.1,0.1,0.378,0.329,0.571,1,0,0.4
202710,Jimmy Butler,MIA,60,34.0,20.8,5.3,5.0,1.3,0.3,1.7,6.6,13.2,1.0,2.4,6.6,7.6,0.499,0.414,0.858,5,1,3.6
1629111,Jock Landale,HOU,56,13.6,4.9,3.1,1.2,0.4,0.6,0.6,1.9,3.7,0.2,0.7,0.9,1.2,0.515,0.25,0.8,1,0,2.9
203925,Joe Harris,DET,16,10.6,2.4,0.8,0.6,0.2,0.1,0.2,0.9,2.4,0.6,1.9,0.1,0.1,0.359,0.333,0.5,0,0,-3.0
204060,Joe Ingles,ORL,68,17.2,4.4,2.1,3.0,0.6,0.1,1.0,1.5,3.3,1.0,2.4,0.4,0.5,0.436,0.435,0.824,0,0,2.4
203954,Joel Embiid,PHI,39,33.6,34.7,11.0,5.6,1.2,1.7,3.8,11.5,21.8,1.4,3.6,10.2,11.6,0.529,0.388,0.883,30,2,6.8
1628381,John Collins,UTA,68,28.0,15.1,8.5,1.1,0.6,0.9,1.4,5.8,11.0,1.3,3.4,2.2,2.7,0.532,0.371,0.795,24,0,-4.5
1629723,John Konchar,MEM,55,21.3,4.3,4.7,2.0,0.9,0.9,0.8,1.6,3.8,0.7,2.2,0.4,0.5,0.423,0.317,0.84,1,0,-2.7
1631098,Johnny Davis,WAS,50,12.3,3.0,1.4,0.6,0.4,0.2,0.3,1.2,3.1,0.3,0.8,0.3,0.5,0.403,0.35,0.583,0,0,-3.0
1630548,Johnny Juzang,UTA,20,18.6,7.2,1.8,1.2,0.2,0.1,0.6,2.6,5.5,1.6,3.8,0.5,0.7,0.464,0.416,0.714,0,0,-0.4
202685,Jonas Valančiūnas,NOP,82,23.5,12.2,8.8,2.1,0.4,0.8,1.4,4.9,8.8,0.5,1.5,2.0,2.5,0.559,0.308,0.785,33,0,1.9
1628371,Jonathan Isaac,ORL,58,15.8,6.8,4.5,0.5,0.7,1.2,0.5,2.5,4.9,0.7,1.9,1.0,1.4,0.51,0.375,0.72,0,0,3.1
1630228,Jonathan Kuminga,GSW,74,26.3,16.1,4.8,2.2,0.7,0.5,1.6,6.2,11.6,0.7,2.2,3.0,4.0,0.529,0.321,0.746,5,0,1.7
1629007,Jontay Porter,TOR,26,13.8,4.4,3.2,2.3,0.8,0.8,0.8,1.5,4.0,0.8,2.3,0.6,0.7,0.385,0.333,0.833,0,0,-2.8
203903,Jordan Clarkson,UTA,55,30.6,17.1,3.4,5.0,0.6,0.1,2.7,6.1,14.8,1.7,5.6,3.2,3.7,0.413,0.294,0.881,6,1,-3.5
1630259,Jordan Ford,SAC,6,3.6,2.0,0.3,0.3,0.0,0.0,0.2,0.7,1.2,0.3,0.5,0.3,0.3,0.571,0.667,1.0,0,0,2.3
1630692,Jordan Goodwin,MEM,57,18.5,6.5,4.4,2.7,0.8,0.3,1.0,2.5,6.7,0.7,2.5,0.8,1.0,0.369,0.298,0.746,4,0,-1.6
1641722,Jordan Hawkins,NOP,67,17.3,7.8,2.2,1.0,0.3,0.1,0.6,2.6,6.8,1.6,4.4,1.0,1.2,0.382,0.366,0.838,0,0,0.2
1629162,Jordan McLaughlin,MIN,56,11.2,3.5,1.3,2.0,0.6,0.1,0.3,1.2,2.6,0.8,1.6,0.2,0.3,0.483,0.472,0.722,0,0,2.8
1641757,Jordan Miller,LAC,8,3.5,1.6,0.6,0.0,0.0,0.0,0.1,0.6,1.1,0.1,0.2,0.2,0.2,0.556,0.5,1.0,0,0,-1.6
1629670,Jordan Nwora,TOR,52,13.7,7.0,2.9,1.2,0.5,0.2,1.0,2.7,5.8,0.8,2.5,0.8,1.0,0.462,0.336,0.83,2,0,-3.8
1629673,Jordan Poole,WAS,78,30.1,17.4,2.7,4.4,1.1,0.3,2.4,6.3,15.2,2.4,7.2,2.5,2.8,0.413,0.326,0.877,4,0,-7.1
1641775,Jordan Walsh,BOS,9,9.3,1.7,2.2,0.6,0.6,0.1,0.3,0.7,1.7,0.2,1.0,0.1,0.2,0.4,0.222,0.5,0,0,5.2
1630631,Jose Alvarado,NOP,56,18.4,7.1,2.3,2.1,1.1,0.3,0.7,2.5,6.2,1.4,3.7,0.6,0.9,0.412,0.377,0.673,0,0,4.3
1630581,Josh Giddey,OKC,80,25.1,12.3,6.4,4.8,0.6,0.6,2.1,5.0,10.6,1.0,3.0,1.2,1.6,0.475,0.337,0.806,10,3,4.7
1630182,Josh Green,DAL,57,26.4,8.2,3.2,2.3,0.8,0.2,1.1,3.1,6.6,1.3,3.3,0.7,1.0,0.479,0.385,0.684,0,0,-1.8
1628404,Josh Hart,NYK,81,33.4,9.4,8.3,4.1,0.9,0.3,1.5,3.6,8.4,1.0,3.2,1.1,1.4,0.434,0.31,0.791,21,6,4.3
1631169,Josh Minott,MIN,32,2.9,1.6,0.5,0.2,0.2,0.2,0.1,0.5,1.1,0.1,0.3,0.4,0.4,0.472,0.4,0.857,0,0,0.6
1629006,Josh Okogie,PHX,60,16.0,4.6,2.6,1.1,0.8,0.4,0.6,1.4,3.4,0.5,1.6,1.3,1.7,0.417,0.309,0.745,0,0,0.1
1626196,Josh Richardson,MIA,43,25.6,9.9,2.8,2.4,0.6,0.3,0.8,3.6,8.1,1.5,4.4,1.2,1.3,0.444,0.347,0.944,0,0,-2.5
1630563,Joshua Primo,LAC,2,5.1,1.0,0.5,0.0,0.0,0.5,2.0,0.5,1.5,0.0,0.5,0.0,0.0,0.333,0.0,0.0,0,0,-0.5
201950,Jrue Holiday,BOS,69,32.8,12.5,5.4,4.8,0.9,0.8,1.8,4.8,10.0,2.0,4.7,0.9,1.0,0.48,0.429,0.833,7,0,6.2
1629308,Juan Toscano-Anderson,SAC,11,4.8,0.6,1.3,0.4,0.1,0.1,0.2,0.3,1.1,0.1,0.4,0.0,0.0,0.25,0.25,0.0,0,0,-0.8
1631262,Jules Bernard,WAS,19,7.9,3.9,1.4,0.8,0.2,0.1,0.4,1.5,3.4,0.6,1.5,0.3,0.5,0.453,0.379,0.556,0,0,1.4
1630577,Julian Champagnie,SAS,74,19.8,6.8,2.8,1.4,0.6,0.6,0.8,2.2,5.4,1.4,3.7,1.0,1.2,0.408,0.365,0.815,0,0,-1.9
1641763,Julian Phillips,CHI,40,8.1,2.2,0.9,0.3,0.2,0.2,0.2,0.8,1.9,0.3,1.0,0.3,0.5,0.416,0.316,0.684,0,0,-0.1
1631124,Julian Strawther,DEN,50,10.9,4.5,1.2,0.9,0.3,0.1,0.5,1.6,4.4,0.8,2.8,0.4,0.6,0.369,0.297,0.71,0,0,-2.1
203944,Julius Randle,NYK,46,35.4,24.0,9.2,5.0,0.5,0.3,3.5,8.6,18.2,1.7,5.3,5.1,6.6,0.472,0.311,0.781,18,1,4.7
1630551,Justin Champagnie,WAS,15,15.7,5.9,3.5,1.3,0.7,0.6,0.7,2.1,5.2,0.9,3.0,0.8,1.0,0.41,0.289,0.8,0,0,-3.9
203200,Justin Holiday,DEN,58,14.9,4.0,1.2,1.2,0.6,0.2,0.2,1.5,3.3,0.9,2.3,0.1,0.1,0.454,0.404,0.75,0,0,0.9
1628382,Justin Jackson,MIN,2,0.4,0.0,0.0,0.0,0.0,0.0,0.0,0.0,0.0,0.0,0.0,0.0,0.0,0.0,0.0,0.0,0,0,0.0
1631303,Justin Minaya,POR,34,11.2,1.8,1.6,0.6,0.3,0.3,0.3,0.6,2.2,0.4,1.4,0.1,0.3,0.297,0.245,0.556,0,0,-2.4
203994,Jusuf Nurkić,PHX,76,27.3,10.9,11.0,4.0,1.1,1.1,2.3,4.2,8.2,0.3,1.2,2.2,3.4,0.51,0.244,0.64,28,0,5.3
1630231,KJ Martin,PHI,60,12.4,3.7,2.2,0.8,0.4,0.2,0.5,1.6,3.0,0.1,0.5,0.4,0.7,0.536,0.286,0.537,1,0,-0.1
1629232,Kaiser Gates,NOP,1,7.4,0.0,1.0,0.0,0.0,0.0,0.0,0.0,4.0,0.0,2.0,0.0,0.0,0.0,0.0,0.0,0,0,-2.0
1626157,Karl-Anthony Towns,MIN,62,32.7,21.8,8.3,3.0,0.7,0.7,2.9,7.7,15.3,2.2,5.3,4.1,4.7,0.504,0.416,0.873,22,0,5.2
202695,Kawhi Leonard,LAC,68,34.3,23.7,6.1,3.6,1.6,0.9,1.8,9.0,17.1,2.1,4.9,3.7,4.2,0.525,0.417,0.885,4,1,5.8
1631099,Keegan Murray,SAC,77,33.6,15.2,5.5,1.7,1.0,0.8,0.8,5.8,12.7,2.4,6.6,1.3,1.6,0.454,0.358,0.831,8,0,1.8
1628966,Keita Bates-Diop,BKN,53,12.5,3.7,2.1,0.7,0.5,0.4,0.3,1.4,3.1,0.4,1.3,0.6,0.8,0.434,0.304,0.762,0,0,-1.0
1629640,Keldon Johnson,SAS,69,29.5,15.7,5.5,2.8,0.7,0.3,1.4,5.7,12.5,1.8,5.3,2.5,3.2,0.454,0.346,0.792,9,0,-5.0
203482,Kelly Olynyk,TOR,78,22.5,9.8,5.3,4.4,0.9,0.4,1.9,3.5,6.4,0.8,2.0,1.9,2.3,0.555,0.387,0.833,6,0,-3.4
1626162,Kelly Oubre Jr.,PHI,68,30.2,15.4,5.0,1.5,1.1,0.7,1.3,5.7,12.9,1.5,4.8,2.6,3.4,0.441,0.311,0.75,4,0,-0.4
1631112,Kendall Brown,IND,15,4.2,1.4,0.3,0.3,0.0,0.0,0.1,0.5,1.0,0.0,0.1,0.3,0.5,0.533,0.0,0.625,0,0,-1.6
1631254,Kenneth Lofton Jr.,UTA,21,9.4,4.6,1.8,1.6,0.3,0.2,0.7,1.7,3.7,0.3,1.1,0.8,1.2,0.462,0.292,0.654,0,0,-0.5
1629026,Kenrich Williams,OKC,69,14.9,4.7,3.0,1.3,0.6,0.1,0.5,1.9,4.1,0.8,2.0,0.1,0.2,0.468,0.397,0.5,0,0,2.2
203484,Kentavious Caldwell-Pope,DEN,76,31.6,10.1,2.4,2.4,1.3,0.6,1.0,3.6,7.7,1.6,4.1,1.3,1.5,0.46,0.406,0.894,0,0,7.5
1631165,Keon Ellis,SAC,57,17.2,5.4,2.2,1.5,0.9,0.5,0.6,1.9,4.1,1.2,2.9,0.5,0.6,0.461,0.417,0.743,0,0,1.6
1630553,Keon Johnson,BKN,5,12.3,6.2,1.4,0.6,0.6,0.2,1.0,1.6,4.2,0.8,2.0,2.2,2.4,0.381,0.4,0.917,0,0,-5.0
1630556,Kessler Edwards,SAC,54,5.1,1.7,0.8,0.3,0.2,0.1,0.1,0.6,1.5,0.4,1.0,0.1,0.2,0.415,0.385,0.556,0,0,-0.8
201142,Kevin Durant,PHX,75,37.2,27.1,6.6,5.0,0.9,1.2,3.3,10.0,19.1,2.2,5.4,4.8,5.6,0.523,0.413,0.856,14,1,3.9
1628989,Kevin Huerter,SAC,64,24.4,10.2,3.5,2.6,0.7,0.4,0.8,3.9,8.8,1.9,5.3,0.6,0.7,0.443,0.361,0.766,2,0,1.2
1628995,Kevin Knox II,DET,31,18.1,7.2,2.4,0.7,0.4,0.2,0.7,2.8,6.0,1.0,3.0,0.6,0.7,0.462,0.33,0.909,1,0,-2.7
201567,Kevin Love,MIA,55,16.8,8.8,6.1,2.1,0.3,0.2,0.9,2.9,6.5,1.5,4.4,1.5,2.0,0.44,0.344,0.787,6,0,2.0
1630284,Kevon Harris,ORL,2,3.0,2.0,1.0,0.5,0.0,0.0,0.5,1.0,1.5,0.0,0.0,0.0,0.0,0.667,0.0,0.0,0,0,0.0
1626172,Kevon Looney,GSW,74,16.1,4.5,5.7,1.8,0.4,0.4,0.7,1.9,3.1,0.0,0.0,0.8,1.1,0.597,0.0,0.675,1,0,0.5
1641749,Keyontae Johnson,OKC,9,7.4,1.2,1.1,0.4,0.1,0.0,0.4,0.6,1.8,0.1,0.3,0.0,0.0,0.313,0.333,0.0,0,0,-0.8
1641718,Keyonte George,UTA,75,27.0,13.0,2.8,4.4,0.5,0.1,2.5,4.3,10.9,2.0,5.9,2.5,3.0,0.391,0.334,0.848,1,0,-5.0
203114,Khris Middleton,MIL,55,27.0,15.1,4.7,5.3,0.9,0.3,2.3,5.8,11.7,1.7,4.5,1.8,2.2,0.493,0.381,0.833,5,1,2.3
1630165,Killian Hayes,DET,42,24.0,6.9,2.8,4.9,0.9,0.5,1.2,2.8,6.7,0.5,1.8,0.8,1.2,0.413,0.297,0.66,0,0,-5.8
1630184,Kira Lewis Jr.,UTA,28,9.4,3.2,0.9,1.3,0.3,0.1,0.5,1.2,3.3,0.1,1.2,0.6,0.7,0.37,0.121,0.85,0,0,-2.4
202691,Klay Thompson,GSW,77,29.7,17.9,3.3,2.3,0.6,0.5,1.5,6.4,14.7,3.5,9.0,1.6,1.8,0.432,0.387,0.927,0,0,0.1
1641738,Kobe Brown,LAC,44,9.0,2.0,1.4,0.6,0.3,0.1,0.2,0.8,2.0,0.3,1.1,0.0,0.0,0.411,0.292,0.5,0,0,-2.1
1641723,Kobe Bufkin,ATL,17,11.5,4.8,1.9,1.6,0.4,0.3,0.6,2.0,5.4,0.5,2.4,0.2,0.5,0.37,0.225,0.5,0,0,-2.1
1628424,Kobi Simmons,TOR,4,16.9,5.0,1.8,3.0,1.5,0.5,0.2,2.2,5.2,0.5,2.0,0.0,0.0,0.429,0.25,0.0,0,0,-7.8
1627739,Kris Dunn,UTA,66,18.9,5.4,2.9,3.8,1.0,0.4,1.2,2.2,4.7,0.6,1.7,0.3,0.5,0.47,0.369,0.688,1,0,0.2
1631200,Kris Murray,POR,62,21.7,6.1,3.6,1.3,0.9,0.3,0.9,2.3,5.9,0.8,3.0,0.6,0.9,0.396,0.268,0.661,1,0,-2.6
204001,Kristaps Porziņģis,BOS,57,29.6,20.1,7.2,2.0,0.7,1.9,1.6,6.8,13.2,1.9,5.1,4.5,5.3,0.516,0.375,0.858,13,0,7.3
203937,Kyle Anderson,MIN,79,22.6,6.4,3.5,4.2,0.9,0.6,1.2,2.5,5.5,0.1,0.6,1.2,1.7,0.46,0.229,0.708,0,0,2.1
1628398,Kyle Kuzma,WAS,70,32.6,22.2,6.6,4.2,0.5,0.7,2.7,8.7,18.8,2.2,6.4,2.7,3.4,0.463,0.336,0.775,14,0,-8.0
200768,Kyle Lowry,PHI,60,28.2,8.1,3.2,4.2,1.0,0.4,1.4,2.7,6.3,1.6,4.2,1.0,1.2,0.432,0.392,0.84,3,0,0.0
202681,Kyrie Irving,DAL,58,35.0,25.6,5.0,5.2,1.3,0.5,1.8,9.7,19.5,3.0,7.3,3.3,3.6,0.497,0.411,0.905,5,0,4.8
1630163,LaMelo Ball,CHA,22,32.3,23.9,5.1,8.0,1.8,0.2,3.8,8.3,19.2,3.2,9.0,4.1,4.7,0.433,0.355,0.865,7,1,-6.3
1630205,Lamar Stevens,MEM,38,14.7,7.2,3.3,0.7,0.6,0.6,0.6,2.8,6.3,0.4,1.2,1.1,1.4,0.45,0.304,0.778,0,0,0.2
1629013,Landry Shamet,WAS,46,15.8,7.1,1.3,1.2,0.5,0.2,0.7,2.6,6.0,1.2,3.4,0.8,1.0,0.431,0.338,0.826,0,0,-3.2
1626204,Larry Nance Jr.,NOP,61,19.9,5.7,5.0,1.9,1.0,0.3,0.8,2.3,4.0,0.4,1.1,0.8,1.0,0.573,0.415,0.77,2,0,1.2
1628374,Lauri Markkanen,UTA,55,33.1,23.2,8.2,2.0,0.9,0.5,1.4,7.8,16.2,3.2,8.0,4.5,5.0,0.48,0.399,0.899,19,0,0.4
2544,LeBron James,LAL,71,35.3,25.7,7.3,8.3,1.3,0.5,3.5,9.6,17.9,2.1,5.1,4.3,5.7,0.54,0.41,0.75,27,5,3.1
1641778,Leaky Black,CHA,26,10.9,2.7,1.8,0.9,0.3,0.4,0.2,1.0,2.0,0.3,0.8,0.4,0.6,0.481,0.45,0.667,0,0,-1.0
1631159,Leonard Miller,MIN,17,3.1,1.7,1.2,0.5,0.1,0.1,0.1,0.8,1.2,0.1,0.3,0.1,0.1,0.65,0.4,0.5,0,0,0.5
1631311,Lester Quinones,GSW,37,10.7,4.4,1.9,1.0,0.2,0.1,0.5,1.5,3.8,0.9,2.4,0.5,0.8,0.397,0.364,0.69,0,0,0.5
1629623,Lindell Wigginton,MIL,3,2.5,2.0,0.0,0.0,0.0,0.0,0.3,0.7,1.7,0.0,0.7,0.7,0.7,0.4,0.0,1.0,0,0,-3.3
1630322,Lindy Waters III,OKC,38,7.4,3.6,1.1,0.6,0.1,0.2,0.2,1.3,2.7,1.0,2.2,0.1,0.1,0.471,0.435,1.0,0,0,-0.9
1629022,Lonnie Walker IV,BKN,58,17.4,9.7,2.2,1.3,0.6,0.3,0.9,3.6,8.5,1.8,4.7,0.8,1.0,0.423,0.384,0.763,0,0,0.1
1629652,Luguentz Dort,OKC,79,28.4,10.9,3.6,1.4,0.9,0.6,0.9,3.6,8.3,2.0,5.0,1.6,2.0,0.438,0.394,0.826,0,0,4.4
1629029,Luka Dončić,DAL,70,37.5,33.9,9.2,9.8,1.4,0.5,4.0,11.5,23.6,4.1,10.6,6.8,8.7,0.487,0.382,0.786,49,21,4.6
1630568,Luka Garza,MIN,25,4.9,4.0,1.2,0.2,0.2,0.0,0.2,1.4,3.0,0.4,1.3,0.7,1.0,0.48,0.281,0.72,0,0,0.3
1629677,Luka Samanic,UTA,43,9.4,4.1,2.4,0.4,0.1,0.2,0.7,1.4,3.7,0.3,1.5,1.0,1.3,0.38,0.203,0.786,1,0,-1.2
1628379,Luke Kennard,MEM,39,25.6,11.0,2.9,3.5,0.5,0.1,1.4,3.6,8.1,2.7,6.1,1.0,1.2,0.448,0.45,0.889,0,0,-4.8
1628436,Luke Kornet,BOS,63,15.6,5.3,4.1,1.1,0.4,1.0,0.3,2.3,3.2,0.0,0.0,0.8,0.9,0.7,1.0,0.907,1,0,3.5
1630201,Malachi Flynn,DET,69,12.7,5.5,1.7,1.9,0.6,0.1,0.9,2.0,4.7,0.8,2.4,0.8,1.0,0.418,0.331,0.732,0,0,-2.6
1631103,Malaki Branham,SAS,75,21.3,9.2,2.0,2.1,0.4,0.1,1.2,3.6,8.4,1.2,3.6,0.7,0.8,0.432,0.347,0.873,0,0,-5.0
1627763,Malcolm Brogdon,POR,39,28.7,15.7,3.8,5.5,0.7,0.2,1.5,5.6,12.7,2.1,5.1,2.4,3.0,0.44,0.412,0.819,4,0,-2.1
1630608,Malcolm Cazalon,DET,1,2.6,0.0,0.0,0.0,0.0,0.0,0.0,0.0,0.0,0.0,0.0,0.0,0.0,0.0,0.0,0.0,0,0,5.0
1627736,Malik Beasley,MIL,79,29.6,11.3,3.7,1.4,0.7,0.1,0.7,4.1,9.1,2.8,6.9,0.3,0.4,0.443,0.413,0.714,1,0,3.7
1628370,Malik Monk,SAC,72,26.0,15.4,2.9,5.1,0.6,0.5,2.1,5.5,12.4,2.1,5.9,2.4,2.8,0.443,0.35,0.829,2,0,0.1
1642013,Malik Williams,TOR,7,15.2,2.7,5.4,0.3,0.4,0.6,0.4,1.3,4.9,0.1,0.7,0.0,0.3,0.265,0.2,0.0,0,0,-8.0
1629603,Mamadi Diakite,NYK,6,4.1,2.0,0.7,0.3,0.2,0.2,0.2,0.7,1.0,0.0,0.2,0.7,1.0,0.667,0.0,0.667,0,0,0.5
1630699,MarJon Beauchamp,MIL,48,12.7,4.4,2.1,0.6,0.3,0.1,0.6,1.7,3.5,0.6,1.6,0.4,0.6,0.488,0.4,0.679,0,0,-0.2
202694,Marcus Morris Sr.,CLE,49,16.7,6.4,2.7,0.7,0.3,0.3,0.6,2.4,5.4,1.0,2.4,0.7,0.9,0.439,0.403,0.818,0,0,-1.2
1631204,Marcus Sasser,DET,71,19.0,8.3,1.8,3.3,0.6,0.2,1.3,3.1,7.2,1.3,3.4,0.8,0.9,0.428,0.375,0.879,1,0,-3.5
203935,Marcus Smart,MEM,20,30.2,14.4,2.6,4.3,2.0,0.2,3.1,5.1,11.8,2.1,6.7,2.2,2.8,0.43,0.313,0.768,0,0,-1.0
1631109,Mark Williams,CHA,19,26.8,12.7,9.7,1.2,0.8,1.1,0.9,5.2,7.9,0.0,0.0,2.4,3.4,0.649,0.0,0.719,8,0,-1.1
1628365,Markelle Fultz,ORL,43,21.2,7.8,3.2,2.8,1.0,0.3,1.2,3.6,7.6,0.1,0.4,0.5,0.8,0.472,0.222,0.697,0,0,0.3
202693,Markieff Morris,DAL,26,8.3,2.5,1.5,0.6,0.2,0.1,0.5,0.9,2.6,0.6,1.6,0.2,0.2,0.338,0.357,0.833,0,0,-2.2
1641806,Markquis Nowell,TOR,1,3.5,2.0,2.0,2.0,1.0,0.0,0.0,0.0,1.0,0.0,0.0,2.0,2.0,0.0,0.0,1.0,0,0,4.0
1629716,Marques Bolden,CHA,11,11.0,3.4,3.1,0.4,0.3,0.6,0.3,1.5,2.3,0.0,0.1,0.3,0.4,0.68,0.0,0.75,0,0,-1.5
1628963,Marvin Bagley III,WAS,50,21.1,11.7,6.2,1.1,0.4,0.7,1.2,4.8,8.2,0.2,0.5,1.9,2.5,0.586,0.391,0.762,10,0,-2.7
1630222,Mason Jones,SAC,5,5.5,1.4,1.0,1.0,0.2,0.0,0.4,0.4,1.6,0.4,1.4,0.2,0.4,0.25,0.286,0.5,0,0,-1.4
203486,Mason Plumlee,LAC,46,14.7,5.3,5.1,1.2,0.3,0.4,0.8,1.9,3.3,0.0,0.1,1.5,2.2,0.569,0.0,0.707,2,0,0.2
1629680,Matisse Thybulle,POR,65,22.9,5.4,2.1,1.4,1.7,0.8,0.6,1.9,4.9,1.2,3.6,0.3,0.4,0.397,0.346,0.759,0,0,-3.6
1630562,Matt Hurt,MEM,8,14.2,4.0,2.0,0.5,0.4,0.4,0.2,1.5,4.2,0.6,2.5,0.4,0.4,0.353,0.25,1.0,0,0,-1.5
1630346,Matt Ryan,NOP,28,13.9,5.4,1.4,0.6,0.2,0.0,0.7,1.8,4.0,1.5,3.2,0.5,0.5,0.434,0.451,0.929,0,0,0.5
1631108,Max Christie,LAL,67,14.1,4.2,2.1,0.9,0.3,0.3,0.5,1.5,3.6,0.6,1.8,0.5,0.7,0.427,0.356,0.783,0,0,-0.3
1629622,Max Strus,CLE,70,32.0,12.2,4.8,4.0,0.9,0.4,1.6,4.3,10.4,2.4,6.8,1.1,1.4,0.418,0.351,0.794,5,1,3.6
1628467,Maxi Kleber,DAL,43,20.3,4.4,3.3,1.6,0.4,0.7,0.7,1.5,3.4,0.7,2.1,0.8,1.1,0.432,0.348,0.702,1,0,2.9
1641721,Maxwell Lewis,LAL,34,3.0,0.3,0.1,0.2,0.1,0.0,0.3,0.1,0.6,0.0,0.3,0.1,0.1,0.19,0.111,0.667,0,0,-2.1
1630695,Micah Potter,UTA,16,11.6,3.3,2.7,0.4,0.2,0.4,0.3,1.2,2.5,0.6,1.3,0.4,0.5,0.475,0.429,0.75,0,0,-1.8
1629008,Michael Porter Jr.,DEN,81,31.7,16.7,7.0,1.5,0.5,0.7,1.1,6.4,13.3,2.7,6.8,1.1,1.4,0.484,0.397,0.836,14,0,5.8
1628969,Mikal Bridges,BKN,82,34.8,19.6,4.5,3.6,1.0,0.4,2.0,6.9,15.8,2.7,7.2,3.1,3.9,0.436,0.372,0.814,3,0,-2.3
201144,Mike Conley,MIN,76,28.9,11.4,2.9,5.9,1.2,0.2,1.3,3.9,8.5,2.4,5.3,1.3,1.5,0.457,0.442,0.911,5,0,3.6
203488,Mike Muscala,OKC,53,11.3,3.0,2.4,0.7,0.2,0.2,0.4,1.1,2.9,0.5,1.8,0.3,0.5,0.359,0.292,0.68,0,0,-1.7
1628970,Miles Bridges,CHA,69,37.4,21.0,7.3,3.3,0.9,0.5,2.0,8.1,17.5,2.3,6.5,2.5,3.1,0.462,0.349,0.825,19,0,-9.2
1630540,Miles McBride,NYK,68,19.5,8.3,1.5,1.7,0.7,0.1,0.4,3.0,6.7,1.6,3.9,0.6,0.7,0.452,0.41,0.86,0,0,-0.2
1629011,Mitchell Robinson,NYK,31,24.8,5.6,8.5,0.6,1.2,1.1,0.8,2.4,4.1,0.0,0.0,0.9,2.1,0.575,0.0,0.409,2,0,0.4
1628964,Mo Bamba,PHI,57,13.0,4.4,4.2,0.7,0.4,1.1,0.7,1.7,3.5,0.4,1.1,0.6,0.9,0.49,0.391,0.68,1,0,-0.8
1628420,Monté Morris,MIN,33,14.4,5.0,1.7,2.1,0.6,0.3,0.2,1.9,4.6,0.8,2.1,0.4,0.6,0.405,0.386,0.684,0,0,2.6
1629021,Moritz Wagner,ORL,80,17.7,10.8,4.3,1.2,0.5,0.3,1.2,4.2,6.9,0.5,1.4,2.1,2.6,0.601,0.33,0.814,3,0,1.2
1629650,Moses Brown,POR,22,9.1,3.4,3.9,0.3,0.2,0.3,0.5,1.5,3.0,0.0,0.0,0.4,1.4,0.508,0.0,0.29,0,0,-2.7
1630541,Moses Moody,GSW,66,17.5,8.1,3.0,0.9,0.6,0.4,0.7,2.9,6.4,1.1,3.0,1.1,1.4,0.462,0.36,0.785,0,0,1.5
1631338,Mouhamadou Gueye,TOR,11,10.9,2.4,2.1,0.5,0.3,1.6,1.1,1.0,3.5,0.0,0.3,0.4,0.8,0.289,0.0,0.444,0,0,-7.3
1631243,Mouhamed Gueye,ATL,6,12.1,4.0,3.7,0.7,0.8,0.7,0.2,1.3,3.8,0.5,1.5,0.8,1.0,0.348,0.333,0.833,0,0,-6.8
1631217,Moussa Diabaté,LAC,11,5.8,2.6,2.2,0.4,0.5,0.1,0.2,0.9,1.7,0.0,0.0,0.8,1.3,0.526,0.0,0.643,0,0,-0.2
1626167,Myles Turner,IND,77,27.0,17.1,6.9,1.3,0.5,1.9,1.4,6.2,11.8,1.5,4.2,3.2,4.1,0.524,0.358,0.773,17,0,2.9
1641970,Mãozinha Pereira,MEM,7,17.4,6.9,5.3,0.3,0.9,0.6,0.7,2.6,5.0,0.7,1.9,1.0,1.4,0.514,0.385,0.7,1,0,1.3
1630230,Naji Marshall,NOP,66,19.0,7.1,3.6,1.9,0.7,0.2,1.0,2.6,5.6,0.9,2.3,1.0,1.3,0.463,0.387,0.791,0,0,3.1
1629642,Nassir Little,PHX,45,10.2,3.4,1.7,0.5,0.2,0.2,0.3,1.3,2.8,0.5,1.6,0.4,0.4,0.46,0.3,0.85,0,0,-2.0
1630207,Nate Hinton,HOU,15,5.0,2.2,1.5,0.7,0.2,0.1,0.2,0.7,1.7,0.5,0.9,0.3,0.3,0.423,0.5,0.8,0,0,0.9
1631466,Nate Williams,HOU,22,5.9,2.9,1.0,0.3,0.2,0.0,0.2,1.2,2.3,0.1,0.2,0.3,0.6,0.54,0.4,0.538,0,0,1.0
1641877,Nathan Mensah,CHA,25,12.3,1.3,2.6,0.4,0.2,0.6,0.6,0.5,1.1,0.0,0.0,0.4,0.5,0.429,0.0,0.75,0,0,-5.3
1629675,Naz Reid,MIN,81,24.2,13.5,5.2,1.3,0.8,0.9,1.4,5.0,10.5,2.1,5.0,1.3,1.8,0.477,0.414,0.736,6,0,3.1
1629674,Neemias Queta,BOS,28,11.9,5.5,4.4,0.7,0.5,0.8,0.5,2.4,3.7,0.0,0.0,0.7,1.0,0.644,0.0,0.714,2,0,4.8
1629651,Nic Claxton,BKN,71,29.8,11.8,9.9,2.1,0.6,2.1,1.3,5.2,8.2,0.0,0.1,1.5,2.8,0.629,0.2,0.551,30,0,-3.9
1630208,Nick Richards,CHA,67,26.2,9.7,8.0,0.8,0.4,1.1,1.1,3.9,5.6,0.0,0.0,2.0,2.7,0.691,0.0,0.737,19,0,-6.4
1641733,Nick Smith Jr.,CHA,51,14.3,5.9,1.4,1.2,0.2,0.1,0.8,2.2,5.7,1.2,2.9,0.3,0.3,0.391,0.432,0.867,0,0,-3.8
1629638,Nickeil Alexander-Walker,MIN,82,23.4,8.0,2.0,2.5,0.8,0.5,0.9,2.9,6.6,1.6,4.1,0.6,0.8,0.439,0.391,0.8,0,0,3.8
201587,Nicolas Batum,PHI,60,25.5,5.3,4.1,2.1,0.8,0.6,0.7,1.9,4.3,1.2,3.1,0.2,0.4,0.453,0.395,0.714,0,0,3.0
203999,Nikola Jokić,DEN,79,34.6,26.4,12.4,9.0,1.4,0.9,3.0,10.4,17.9,1.1,2.9,4.5,5.5,0.583,0.359,0.817,68,25,8.6
1631107,Nikola Jović,MIA,46,19.5,7.7,4.2,2.0,0.5,0.3,0.9,2.8,6.1,1.4,3.5,0.7,1.0,0.452,0.399,0.702,0,0,3.2
202696,Nikola Vučević,CHI,76,34.3,18.0,10.5,3.3,0.7,0.8,1.6,7.7,15.9,1.2,4.1,1.4,1.7,0.484,0.294,0.822,45,0,-2.4
1641730,Noah Clowney,BKN,23,16.1,5.8,3.5,0.8,0.3,0.7,0.7,2.2,4.0,0.5,1.4,0.9,1.3,0.538,0.364,0.7,1,0,-2.3
1626181,Norman Powell,LAC,76,26.2,13.9,2.6,1.1,0.6,0.3,0.9,4.9,10.1,2.2,5.1,1.9,2.3,0.486,0.435,0.831,0,0,2.8
1628384,OG Anunoby,NYK,50,34.0,14.7,4.2,2.1,1.4,0.7,1.6,5.6,11.5,2.0,5.3,1.3,1.8,0.489,0.382,0.753,0,0,7.8
1630167,Obi Toppin,IND,82,21.1,10.3,3.9,1.6,0.6,0.5,0.8,4.0,7.1,1.2,3.1,0.9,1.2,0.573,0.403,0.77,1,0,1.7
1630534,Ochai Agbaji,TOR,78,21.0,5.8,2.8,1.1,0.6,0.6,0.8,2.3,5.6,0.8,2.7,0.5,0.7,0.411,0.294,0.661,0,0,-3.2
1630846,Olivier Sarr,OKC,15,6.5,2.3,2.4,0.1,0.0,0.5,0.2,0.7,1.3,0.1,0.4,0.7,1.0,0.579,0.333,0.667,0,0,0.1
1641765,Olivier-Maxence Prosper,DAL,40,8.4,3.0,2.0,0.6,0.2,0.1,0.2,1.0,2.6,0.3,1.1,0.7,1.0,0.385,0.289,0.683,0,0,-2.2
1630209,Omer Yurtseven,UTA,48,11.4,4.6,4.3,0.6,0.2,0.4,0.8,2.1,3.8,0.1,0.5,0.4,0.6,0.538,0.208,0.679,2,0,-2.8
1641931,Onuralp Bitim,CHI,23,11.7,3.5,1.4,0.6,0.1,0.1,0.4,1.4,3.7,0.5,1.9,0.2,0.2,0.381,0.273,0.8,0,0,-2.0
1630168,Onyeka Okongwu,ATL,55,25.5,10.2,6.8,1.3,0.5,1.1,0.8,4.1,6.6,0.4,1.3,1.7,2.1,0.611,0.333,0.793,8,0,-0.6
1631115,Orlando Robinson,MIA,36,8.4,2.8,2.3,0.9,0.2,0.2,0.5,1.0,2.0,0.2,0.4,0.5,0.7,0.5,0.533,0.76,1,0,0.3
1631131,Oscar Tshiebwe,IND,8,5.2,3.2,2.0,0.2,0.2,0.1,0.0,1.2,2.5,0.0,0.0,0.8,1.0,0.5,0.0,0.75,0,0,1.8
1629052,Oshae Brissett,BOS,55,11.5,3.7,2.9,0.8,0.3,0.1,0.4,1.2,2.8,0.3,1.0,0.9,1.5,0.444,0.273,0.602,0,0,2.1
203490,Otto Porter Jr.,TOR,15,11.6,2.6,1.9,0.5,0.3,0.3,0.1,0.9,2.2,0.5,1.5,0.2,0.2,0.424,0.348,1.0,0,0,1.5
1631172,Ousmane Dieng,OKC,33,11.1,4.0,1.5,1.1,0.2,0.2,0.6,1.5,3.5,0.6,2.1,0.4,0.5,0.422,0.3,0.875,0,0,0.0
200782,P.J. Tucker,LAC,31,15.7,1.7,2.7,0.5,0.5,0.2,0.3,0.6,1.6,0.4,1.1,0.1,0.1,0.36,0.371,1.0,0,0,-0.8
1629023,P.J. Washington,DAL,73,30.4,12.9,5.6,1.9,1.0,0.8,1.3,4.8,11.1,1.8,5.7,1.4,2.0,0.436,0.32,0.683,4,0,-1.8
1631094,Paolo Banchero,ORL,80,35.0,22.6,6.9,5.4,0.9,0.6,3.1,8.0,17.6,1.5,4.4,5.1,7.0,0.455,0.339,0.725,16,2,0.0
1627783,Pascal Siakam,IND,80,33.2,21.7,7.1,4.3,0.8,0.3,1.8,8.5,15.9,1.1,3.1,3.6,5.0,0.536,0.346,0.732,15,1,1.4
1626192,Pat Connaughton,MIL,76,22.1,5.6,3.1,2.1,0.5,0.2,0.6,2.0,4.6,1.1,3.1,0.6,0.8,0.435,0.345,0.759,0,0,-0.2
1630311,Pat Spencer,GSW,6,4.3,0.7,0.7,0.8,0.0,0.0,0.2,0.3,0.7,0.0,0.3,0.0,0.0,0.5,0.0,0.0,0,0,-1.0
1631116,Patrick Baldwin Jr.,WAS,38,13.0,4.4,3.2,0.8,0.5,0.4,0.5,1.6,4.1,0.8,2.6,0.5,0.7,0.381,0.32,0.679,2,0,-0.6
201976,Patrick Beverley,MIL,73,20.0,6.2,3.3,2.9,0.6,0.4,0.9,2.2,5.2,0.8,2.5,1.0,1.2,0.417,0.337,0.822,2,0,-0.8
1630172,Patrick Williams,CHI,43,27.3,10.0,3.9,1.5,0.9,0.8,1.3,3.7,8.3,1.4,3.4,1.2,1.5,0.443,0.399,0.788,0,0,-0.3
201988,Patty Mills,MIA,32,13.0,4.0,1.1,1.1,0.6,0.0,0.5,1.4,4.1,0.8,2.7,0.3,0.3,0.351,0.276,1.0,0,0,0.2
202331,Paul George,LAC,74,33.8,22.6,5.2,3.5,1.5,0.5,2.1,7.9,16.7,3.3,7.9,3.6,3.9,0.471,0.413,0.907,3,0,6.2
1630194,Paul Reed,PHI,82,19.4,7.3,6.0,1.3,0.8,1.0,0.8,3.2,5.9,0.3,0.7,0.7,1.0,0.54,0.368,0.718,8,0,1.2
1630202,Payton Pritchard,BOS,82,22.3,9.6,3.2,3.4,0.5,0.1,0.7,3.6,7.7,1.8,4.7,0.6,0.7,0.468,0.385,0.821,3,0,5.5
1631250,Pete Nance,CLE,8,3.4,0.4,0.4,0.0,0.1,0.0,0.1,0.1,0.8,0.1,0.1,0.0,0.2,0.167,1.0,0.0,0,0,-2.9
1631212,Peyton Watson,DEN,80,18.6,6.6,3.2,1.1,0.5,1.1,0.7,2.6,5.6,0.6,1.9,0.9,1.3,0.465,0.296,0.67,0,0,-0.9
1630173,Precious Achiuwa,NYK,74,21.9,7.6,6.6,1.3,0.6,0.9,1.1,3.2,6.3,0.4,1.3,0.9,1.5,0.501,0.268,0.616,9,0,-0.6
1629656,Quentin Grimes,DET,51,20.1,7.0,2.0,1.3,0.7,0.1,0.5,2.4,6.4,1.6,4.7,0.7,0.9,0.372,0.338,0.756,0,0,-0.8
1631245,Quenton Jackson,IND,3,3.5,0.7,1.3,0.7,0.3,0.0,0.0,0.0,0.3,0.0,0.0,0.7,0.7,0.0,0.0,1.0,0,0,0.0
1630181,R.J. Hampton,MIA,8,9.5,1.2,0.8,1.0,0.0,0.0,0.4,0.5,1.8,0.1,1.0,0.1,0.2,0.286,0.125,0.5,0,0,2.6
1629628,RJ Barrett,TOR,58,31.7,20.2,5.4,3.3,0.5,0.4,2.2,7.5,15.2,1.6,4.3,3.6,5.0,0.495,0.36,0.715,2,0,-2.6
1630564,RaiQuan Gray,SAS,3,13.0,7.7,2.3,2.0,0.3,0.3,0.3,3.3,5.7,1.0,2.3,0.0,0.0,0.588,0.429,0.0,0,0,4.7
1641712,Rayan Rupert,POR,39,16.2,4.0,2.4,1.6,0.3,0.1,0.8,1.4,4.1,0.7,2.0,0.5,0.6,0.335,0.359,0.76,0,0,-3.2
203493,Reggie Bullock Jr.,HOU,44,9.5,2.2,1.7,0.3,0.3,0.1,0.2,0.8,1.9,0.6,1.5,0.0,0.0,0.415,0.403,1.0,0,0,-1.2
202704,Reggie Jackson,DEN,82,22.2,10.2,1.9,3.8,0.5,0.1,1.3,4.0,9.2,1.2,3.5,1.0,1.2,0.431,0.359,0.806,2,0,1.0
1626158,Richaun Holmes,WAS,40,13.9,5.0,4.6,0.6,0.3,0.5,0.6,2.0,3.7,0.0,0.1,0.8,1.2,0.558,0.333,0.723,4,0,-2.2
1641741,Ricky Council IV,PHI,32,9.0,5.4,1.4,0.5,0.2,0.0,0.2,1.7,3.5,0.4,1.0,1.7,2.2,0.482,0.375,0.746,1,0,0.4
203496,Robert Covington,PHI,29,16.8,4.4,3.3,0.8,1.3,0.6,0.4,1.5,3.4,0.7,1.9,0.8,0.9,0.439,0.339,0.846,0,0,3.6
1629057,Robert Williams III,POR,6,19.8,6.8,6.3,0.8,1.2,1.2,1.2,2.8,4.3,0.0,0.0,1.2,1.5,0.654,0.0,0.778,0,0,-5.0
201577,Robin Lopez,MIL,16,4.0,1.1,0.3,0.2,0.1,0.2,0.1,0.4,1.2,0.1,0.5,0.1,0.1,0.368,0.25,1.0,0,0,-1.4
1631199,Ron Harper Jr.,TOR,1,3.6,0.0,0.0,1.0,0.0,0.0,0.0,0.0,0.0,0.0,0.0,0.0,0.0,0.0,0.0,0.0,0,0,-9.0
1626220,Royce O'Neale,PHX,79,24.7,7.7,4.8,2.8,0.7,0.6,0.9,2.7,6.8,2.0,5.3,0.3,0.4,0.397,0.37,0.686,4,0,1.5
203497,Rudy Gobert,MIN,76,34.1,14.0,12.9,1.3,0.7,2.1,1.6,5.3,8.1,0.0,0.0,3.3,5.1,0.661,0.0,0.638,54,0,5.4
1629060,Rui Hachimura,LAL,68,26.8,13.6,4.3,1.2,0.6,0.4,0.7,5.3,9.9,1.4,3.4,1.5,2.0,0.537,0.422,0.739,4,0,1.8
201566,Russell Westbrook,LAC,68,22.5,11.1,5.0,4.5,1.1,0.3,2.1,4.4,9.8,0.6,2.3,1.6,2.4,0.454,0.273,0.688,8,1,1.5
1627853,Ryan Arcidiacono,NYK,20,2.3,0.0,0.4,0.2,0.1,0.0,0.1,0.0,0.3,0.0,0.3,0.0,0.0,0.0,0.0,0.0,0,0,0.1
1631157,Ryan Rollins,MIL,13,6.0,3.4,1.0,1.1,0.8,0.2,0.6,1.1,2.1,0.2,0.3,1.0,1.3,0.519,0.75,0.765,0,0,4.8
1630240,Saben Lee,PHX,24,7.7,3.0,1.3,1.2,0.3,0.1,0.3,0.8,2.3,0.1,0.7,1.2,1.6,0.364,0.125,0.744,0,0,0.6
1630180,Saddiq Bey,ATL,63,32.7,13.7,6.5,1.5,0.8,0.2,0.9,4.6,11.1,1.8,5.7,2.7,3.2,0.416,0.316,0.837,8,0,-0.3
1630573,Sam Hauser,BOS,79,22.0,9.0,3.5,1.0,0.5,0.3,0.4,3.2,7.1,2.5,5.9,0.2,0.2,0.446,0.424,0.895,0,0,6.2
1630241,Sam Merrill,CLE,61,17.5,8.0,2.0,1.8,0.3,0.1,0.3,2.6,6.4,2.3,5.8,0.4,0.5,0.402,0.404,0.929,0,0,0.5
1630572,Sandro Mamukelashvili,SAS,46,9.8,4.1,3.2,1.1,0.2,0.3,0.4,1.6,3.4,0.4,1.4,0.5,0.7,0.471,0.297,0.735,3,0,1.0
1630583,Santi Aldama,MEM,61,26.5,10.7,5.8,2.3,0.7,0.9,1.1,4.0,9.3,1.7,5.0,0.9,1.4,0.435,0.349,0.621,5,0,-4.5
1628426,Sasha Vezenkov,SAC,42,12.2,5.4,2.3,0.5,0.5,0.2,0.3,2.0,4.5,1.1,2.9,0.3,0.4,0.44,0.375,0.8,0,0,0.0
1630703,Scoot Henderson,POR,62,28.5,14.0,3.1,5.4,0.8,0.2,3.4,5.0,12.9,1.4,4.3,2.7,3.3,0.385,0.325,0.819,8,0,-8.0
1630567,Scottie Barnes,TOR,60,34.9,19.8,8.2,6.0,1.2,1.5,2.8,7.4,15.7,1.7,4.9,3.3,4.2,0.475,0.341,0.781,25,4,-2.4
1630590,Scotty Pippen Jr.,MEM,21,25.1,12.9,3.2,4.7,1.7,0.5,2.7,4.8,9.7,1.4,3.4,2.0,2.6,0.493,0.417,0.745,0,0,-3.4
203552,Seth Curry,CHA,44,14.0,5.1,1.5,1.0,0.5,0.1,0.5,1.8,4.6,0.9,2.5,0.6,0.7,0.392,0.352,0.903,0,0,1.4
1641754,Seth Lundy,ATL,9,5.8,1.6,0.8,0.0,0.0,0.0,0.1,0.4,1.9,0.3,1.4,0.3,0.4,0.235,0.231,0.75,0,0,-1.4
1631101,Shaedon Sharpe,POR,32,33.1,15.9,5.0,2.9,0.9,0.4,2.2,5.5,13.6,1.9,5.6,3.1,3.7,0.406,0.333,0.824,1,0,-7.7
1628983,Shai Gilgeous-Alexander,OKC,75,34.0,30.1,5.5,6.2,2.0,0.9,2.2,10.6,19.8,1.3,3.6,7.6,8.7,0.535,0.353,0.874,8,0,8.2
1629003,Shake Milton,NYK,48,12.1,4.5,1.6,1.2,0.4,0.1,0.6,1.6,4.1,0.4,1.3,0.8,1.0,0.405,0.281,0.816,0,0,-1.0
1627885,Shaquille Harrison,MEM,3,2.0,0.7,0.7,0.0,0.0,0.3,0.0,0.3,0.7,0.0,0.0,0.0,0.0,0.5,0.0,0.0,0,0,-3.7
1631321,Sidy Cissoko,SAS,12,11.7,3.8,1.8,0.8,0.6,0.2,0.2,1.3,2.8,0.1,1.0,1.0,1.2,0.485,0.083,0.8,0,0,2.1
1631323,Simone Fontecchio,DET,66,24.9,10.5,3.7,1.5,0.7,0.3,1.0,3.8,8.3,2.0,5.1,0.8,1.0,0.46,0.401,0.818,0,0,-0.4
1630219,Skylar Mays,LAL,38,11.4,4.1,1.1,2.2,0.6,0.1,0.5,1.7,4.2,0.4,1.4,0.3,0.4,0.396,0.296,0.765,2,0,-2.7
203915,Spencer Dinwiddie,LAL,76,28.3,10.5,2.7,4.7,0.7,0.3,1.2,3.3,8.4,1.6,4.8,2.2,2.8,0.392,0.337,0.805,4,0,0.9
1630649,Stanley Umude,DET,24,12.8,5.3,2.1,0.5,0.3,0.3,0.6,1.5,3.5,1.0,2.2,1.2,1.3,0.44,0.453,0.906,0,0,-3.1
201939,Stephen Curry,GSW,74,32.7,26.4,4.5,5.1,0.7,0.4,2.8,8.8,19.5,4.8,11.8,4.0,4.4,0.45,0.408,0.923,7,0,2.6
1629004,Svi Mykhailiuk,BOS,41,10.1,4.0,1.2,0.9,0.3,0.0,0.3,1.4,3.3,1.0,2.6,0.1,0.2,0.416,0.389,0.667,0,0,3.6
204456,T.J. McConnell,IND,71,18.2,10.2,2.7,5.5,1.0,0.1,1.5,4.6,8.4,0.3,0.6,0.7,0.9,0.556,0.409,0.79,4,0,1.3
203933,T.J. Warren,MIN,11,11.3,3.7,2.0,0.8,0.4,0.1,0.4,1.6,3.7,0.2,1.2,0.3,0.4,0.439,0.154,0.75,0,0,4.6
201959,Taj Gibson,DET,20,10.2,1.7,1.8,0.6,0.2,0.4,0.2,0.8,1.8,0.1,0.5,0.1,0.1,0.405,0.2,1.0,0,0,-1.4
1629659,Talen Horton-Tucker,UTA,51,19.8,10.1,2.4,3.5,0.9,0.4,1.3,3.6,9.1,1.2,3.6,1.7,2.1,0.396,0.33,0.807,1,0,-2.1
1631106,Tari Eason,HOU,22,21.8,9.8,7.0,1.2,1.4,0.9,0.9,4.0,8.6,0.8,2.3,1.0,1.5,0.466,0.36,0.636,3,0,4.0
1627752,Taurean Prince,LAL,78,27.0,8.9,2.9,1.5,0.7,0.4,0.9,3.2,7.3,1.8,4.6,0.6,0.9,0.442,0.396,0.735,0,0,-1.5
1641707,Taylor Hendricks,UTA,40,21.4,7.3,4.6,0.8,0.7,0.8,0.7,2.7,6.0,1.3,3.5,0.6,0.7,0.45,0.379,0.793,1,0,-3.8
1631386,Tazé Moore,POR,4,10.1,4.5,2.0,1.2,0.5,0.0,0.8,2.0,4.8,0.2,1.8,0.2,0.5,0.421,0.143,0.5,0,0,-5.5
1629611,Terance Mann,LAC,75,25.0,8.8,3.4,1.6,0.6,0.2,0.6,3.4,6.6,0.9,2.7,1.1,1.3,0.515,0.348,0.832,2,0,0.7
1631173,Terquavion Smith,PHI,16,5.3,3.2,0.2,0.8,0.5,0.0,0.4,1.1,2.9,0.8,2.2,0.2,0.3,0.391,0.371,0.6,0,0,-0.4
1626179,Terry Rozier,MIA,61,33.4,19.8,4.0,5.6,1.0,0.3,1.7,7.2,16.4,2.4,6.7,2.8,3.2,0.443,0.363,0.869,4,0,-4.8
1630678,Terry Taylor,CHI,31,6.1,1.5,1.2,0.3,0.2,0.1,0.2,0.6,1.3,0.1,0.3,0.1,0.2,0.513,0.222,0.8,0,0,0.5
201152,Thaddeus Young,PHX,33,13.3,4.2,3.1,1.7,0.7,0.2,0.5,2.0,3.3,0.0,0.2,0.2,0.5,0.602,0.143,0.4,0,0,-1.2
203648,Thanasis Antetokounmpo,MIL,34,4.6,0.9,0.4,0.5,0.2,0.1,0.4,0.5,0.9,0.0,0.0,0.0,0.1,0.533,0.0,0.0,0,0,-1.2
1630177,Theo Maledon,PHX,17,12.5,3.5,1.4,1.6,0.4,0.0,1.1,1.2,4.1,0.3,1.8,0.8,0.9,0.286,0.167,0.933,0,0,-3.8
1628418,Thomas Bryant,MIA,38,11.6,5.7,3.7,0.6,0.3,0.4,0.6,2.3,3.9,0.1,0.6,1.1,1.2,0.577,0.182,0.872,2,0,0.3
203501,Tim Hardaway Jr.,DAL,79,26.8,14.4,3.2,1.8,0.5,0.1,0.9,5.0,12.4,2.7,7.6,1.8,2.1,0.402,0.353,0.852,0,0,0.2
1641851,Timmy Allen,MEM,5,25.1,2.6,3.4,1.0,0.8,0.0,0.4,1.2,4.6,0.0,1.4,0.2,0.4,0.261,0.0,0.5,0,0,-13.0
202699,Tobias Harris,PHI,70,33.8,17.2,6.5,3.1,1.0,0.7,1.3,6.6,13.6,1.3,3.7,2.7,3.0,0.487,0.353,0.878,9,0,3.2
1628470,Torrey Craig,CHI,53,19.8,5.7,4.1,1.1,0.6,0.4,0.6,2.0,4.7,1.1,2.9,0.5,0.7,0.43,0.392,0.75,1,0,-3.4
1641787,Tosan Evbuomwan,DET,17,21.6,5.9,3.5,0.9,0.4,0.3,0.5,2.1,4.2,0.7,1.9,1.0,1.5,0.507,0.375,0.68,0,0,-7.5
1641739,Toumani Camara,POR,70,24.8,7.5,4.9,1.2,0.9,0.5,1.2,2.8,6.3,0.8,2.5,1.1,1.4,0.45,0.337,0.758,2,0,-2.7
1629027,Trae Young,ATL,54,36.0,25.7,2.8,10.8,1.3,0.2,4.4,8.0,18.7,3.2,8.7,6.4,7.5,0.43,0.373,0.855,37,0,-2.1
1631218,Trayce Jackson-Davis,GSW,68,16.6,7.9,5.0,1.2,0.4,1.1,0.7,3.4,4.9,0.0,0.0,1.1,1.9,0.702,0.0,0.561,6,0,0.5
1630200,Tre Jones,SAS,77,27.8,10.0,3.8,6.2,1.0,0.1,1.5,3.9,7.8,0.8,2.5,1.3,1.5,0.505,0.335,0.856,5,1,-0.3
1630544,Tre Mann,CHA,41,24.1,9.3,3.6,4.0,1.2,0.1,1.6,3.5,7.7,1.1,3.1,1.1,1.4,0.459,0.373,0.763,0,0,-3.1
1630570,Trendon Watford,BKN,63,13.6,6.9,3.1,1.3,0.4,0.3,1.0,2.6,4.9,0.4,1.1,1.2,1.5,0.527,0.397,0.794,1,0,-1.2
1630235,Trent Forrest,ATL,38,10.9,2.2,1.3,2.4,0.3,0.1,0.5,0.9,2.4,0.1,0.3,0.3,0.4,0.378,0.2,0.765,0,0,-2.5
1630243,Trevelin Queen,ORL,14,11.8,2.9,1.4,1.3,0.5,0.4,0.5,1.0,2.7,0.2,1.2,0.6,0.9,0.368,0.176,0.75,0,0,-0.6
1641998,Trey Jemison,MEM,25,23.0,6.8,5.4,1.1,0.5,1.1,1.4,3.0,5.4,0.0,0.0,0.8,1.0,0.551,0.0,0.84,1,0,-4.4
1626168,Trey Lyles,SAC,58,20.0,7.2,4.4,1.2,0.3,0.3,0.7,2.5,5.5,1.4,3.8,0.8,1.2,0.445,0.384,0.7,1,0,3.1
1630530,Trey Murphy III,NOP,57,29.7,14.8,4.9,2.2,0.9,0.5,0.6,4.8,10.9,3.0,7.8,2.2,2.6,0.443,0.38,0.815,1,0,4.6
202684,Tristan Thompson,CLE,49,11.2,3.3,3.6,1.0,0.2,0.3,0.6,1.5,2.4,0.0,0.0,0.3,1.1,0.613,0.0,0.288,1,0,-0.3
1641774,Tristan Vukcevic,WAS,10,15.3,8.5,3.6,1.3,0.5,0.7,1.0,2.9,6.7,1.0,3.6,1.7,2.2,0.433,0.278,0.773,0,0,3.2
1628972,Troy Brown Jr.,DET,59,14.0,4.2,2.4,1.0,0.4,0.1,0.5,1.4,3.8,0.8,2.4,0.5,0.6,0.372,0.333,0.865,0,0,-2.2
1629660,Ty Jerome,CLE,2,7.4,2.0,0.5,1.5,0.0,0.0,0.5,1.0,2.0,0.0,0.5,0.0,0.0,0.5,0.0,0.0,0,0,-7.0
1631102,TyTy Washington Jr.,MIL,11,5.1,1.3,0.5,0.5,0.3,0.0,0.2,0.5,1.8,0.2,0.5,0.0,0.0,0.3,0.333,0.0,0,0,-1.2
1629639,Tyler Herro,MIA,42,33.5,20.8,5.3,4.5,0.7,0.1,2.2,7.7,17.5,3.1,7.9,2.3,2.6,0.441,0.396,0.856,2,0,0.7
1630169,Tyrese Haliburton,IND,69,32.2,20.1,3.9,10.9,1.2,0.7,2.3,7.2,15.2,2.8,7.8,2.8,3.3,0.477,0.364,0.855,44,1,4.3
1630178,Tyrese Maxey,PHI,70,37.5,25.9,3.7,6.2,1.0,0.5,1.7,9.1,20.3,3.0,8.1,4.7,5.4,0.45,0.373,0.868,9,0,4.3
1626145,Tyus Jones,WAS,66,29.3,12.0,2.7,7.3,1.1,0.3,1.0,4.9,10.1,1.6,3.9,0.5,0.6,0.489,0.414,0.8,9,1,-7.5
1628962,Udoka Azubuike,PHX,16,7.1,2.2,2.0,0.2,0.1,0.4,0.2,1.0,1.4,0.0,0.0,0.2,0.8,0.696,0.0,0.231,1,0,-3.0
1630586,Usman Garuba,GSW,6,3.0,0.5,1.2,0.2,0.2,0.5,0.3,0.2,1.0,0.0,0.2,0.2,0.3,0.167,0.0,0.5,0,0,-1.8
203995,Vasilije Micić,CHA,60,19.6,7.0,1.5,4.4,0.5,0.1,1.6,2.6,6.2,0.7,2.6,1.0,1.2,0.43,0.279,0.813,4,0,-1.2
1641705,Victor Wembanyama,SAS,71,29.7,21.4,10.6,3.9,1.2,3.6,3.7,7.8,16.7,1.8,5.5,4.1,5.2,0.465,0.325,0.796,43,2,-2.0
1631246,Vince Williams Jr.,MEM,52,27.6,10.0,5.6,3.4,0.9,0.7,1.8,3.2,7.3,1.5,4.0,2.0,2.5,0.446,0.378,0.8,3,0,-1.8
1630249,Vít Krejčí,ATL,22,24.6,6.1,2.4,2.3,0.6,0.3,0.9,2.3,4.7,1.3,3.1,0.2,0.3,0.49,0.412,0.833,0,0,0.0
1631117,Walker Kessler,UTA,64,23.3,8.1,7.5,0.9,0.5,2.4,1.0,3.6,5.5,0.1,0.3,0.9,1.5,0.654,0.211,0.602,7,0,-2.3
1628976,Wendell Carter Jr.,ORL,55,25.6,11.0,6.9,1.7,0.6,0.5,1.2,4.1,7.7,1.2,3.1,1.7,2.4,0.525,0.374,0.694,9,0,0.9
1631111,Wendell Moore Jr.,MIN,25,3.0,0.7,0.5,0.2,0.2,0.0,0.2,0.4,0.7,0.0,0.2,0.0,0.0,0.5,0.0,0.0,0,0,-0.2
1629117,Wenyen Gabriel,MEM,5,16.2,3.4,5.0,0.6,0.4,0.4,1.6,1.6,4.4,0.2,1.2,0.0,1.0,0.364,0.167,0.0,0,0,-3.2
202083,Wesley Matthews,ATL,36,11.5,3.1,1.5,0.6,0.4,0.3,0.2,0.9,2.7,0.7,1.9,0.5,0.7,0.351,0.348,0.75,0,0,-1.9
1629875,Xavier Moon,LAC,14,8.5,2.4,1.3,1.5,0.2,0.2,0.4,1.1,3.3,0.1,1.2,0.1,0.1,0.326,0.118,0.5,0,0,-2.6
1630214,Xavier Tillman,BOS,54,18.0,5.3,3.9,1.4,0.9,0.8,0.6,2.2,5.2,0.4,1.5,0.4,0.9,0.434,0.247,0.44,2,0,-1.1
1629139,Yuta Watanabe,MEM,34,13.7,3.4,1.6,0.4,0.4,0.2,0.6,1.2,3.4,0.7,2.5,0.3,0.5,0.353,0.294,0.588,0,0,-1.9
1628380,Zach Collins,SAS,69,22.1,11.2,5.4,2.8,0.5,0.8,1.9,4.3,8.9,0.8,2.6,1.8,2.3,0.484,0.32,0.753,3,0,-5.7
203897,Zach LaVine,CHI,25,34.9,19.5,5.2,3.9,0.8,0.3,2.1,6.8,15.0,2.4,6.8,3.5,4.1,0.452,0.349,0.854,1,0,-3.7
1630285,Zavier Simpson,MEM,7,23.1,6.0,2.9,3.6,1.0,0.4,1.4,2.4,7.7,0.7,2.4,0.4,0.6,0.315,0.294,0.75,0,0,-4.1
1630192,Zeke Nnaji,DEN,58,9.9,3.2,2.2,0.6,0.3,0.7,0.5,1.2,2.6,0.1,0.4,0.7,1.1,0.463,0.261,0.677,0,0,-2.9
1630533,Ziaire Williams,MEM,51,20.3,8.2,3.5,1.5,0.7,0.2,1.3,2.9,7.4,1.1,3.7,1.2,1.5,0.397,0.307,0.827,1,0,-4.8
1629627,Zion Williamson,NOP,70,31.5,22.9,5.8,5.0,1.1,0.7,2.8,8.9,15.6,0.1,0.3,5.0,7.1,0.57,0.333,0.702,12,0,2.0
